file off,DAY.STR,DAWN.STR,NIGHT.STR,RAIN.STR
,lim 15068,lim 15068,lim 15040,lim 15044
,# 3767,# 3767,# 3760,# 3761
,,,,
0,49876,49876,49876,49876
4,677,677,677,677
8,18756,18756,18728,18732
12,3473,3473,3467,3467
16,26880,26880,26852,26856
20,15068,15068,15040,15044
24,15068,15068,15040,15044
28,677,677,677,677
32,55296,55296,55296,55296
36,44,44,44,44
40,34000,34000,33960,33964
44,96,96,96,96
48,1068,1068,1068,1068
52,1960,1960,1960,1960
56,3196,3196,3196,3196
60,4484,4484,4484,4484
64,5784,5784,5760,5760
68,5836,5836,5812,5812
72,7596,7596,7572,7572
76,9024,9024,9000,9000
80,10564,10564,10540,10540
84,11688,11688,11664,11664
88,12812,12812,12784,12788
92,14136,14136,14108,14112
96,180,180,180,180
100,252,252,252,252
104,312,312,312,312
108,372,372,372,372
112,432,432,432,432
116,472,472,472,472
120,504,504,504,504
124,536,536,536,536
128,572,572,572,572
132,608,608,608,608
136,644,644,644,644
140,680,680,680,680
144,716,716,716,716
148,752,752,752,752
152,788,788,788,788
156,828,828,824,828
160,876,876,872,876
164,924,924,920,924
168,972,972,968,972
172,1020,1020,1016,1020
176,1064,1064,1060,1064
180,0,0,0,0
184,7,7,7,7
188,37,37,38,37
192,38,38,39,38
196,39,39,40,39
200,120,120,120,120
204,121,121,121,121
208,122,122,122,122
212,171,171,175,171
216,173,173,176,173
220,174,174,177,174
224,176,176,178,176
228,177,177,179,177
232,183,183,184,183
236,185,185,186,185
240,216,216,219,216
244,218,218,220,218
248,221,221,221,221
252,1,1,1,1
256,8,8,8,8
260,40,40,41,40
264,41,41,42,41
268,42,42,43,42
272,123,123,123,123
276,124,124,124,124
280,125,125,125,125
284,187,187,188,187
288,188,188,190,188
292,189,189,191,189
296,191,191,192,191
300,195,195,194,195
304,196,196,197,196
308,197,197,198,197
312,2,2,2,2
316,9,9,9,9
320,43,43,44,43
324,44,44,45,44
328,45,45,46,45
332,126,126,126,126
336,127,127,127,127
340,128,128,128,128
344,198,198,199,198
348,199,199,200,199
352,200,200,201,200
356,201,201,202,201
360,202,202,205,202
364,204,204,206,204
368,206,206,207,206
372,3,3,3,3
376,10,10,10,10
380,46,46,47,46
384,47,47,48,47
388,48,48,49,48
392,129,129,129,129
396,130,130,130,130
400,131,131,131,131
404,207,207,208,207
408,208,208,209,208
412,209,209,210,209
416,210,210,211,210
420,211,211,212,211
424,212,212,214,212
428,217,217,216,217
432,4,4,4,4
436,11,11,11,11
440,49,49,50,49
444,50,50,51,50
448,51,51,52,51
452,132,132,132,132
456,133,133,133,133
460,134,134,134,134
464,219,219,217,219
468,220,220,218,220
472,5,5,5,5
476,12,12,12,12
480,52,52,53,52
484,53,53,54,53
488,54,54,55,54
492,135,135,136,135
496,136,136,137,136
500,137,137,138,137
504,6,6,6,6
508,13,13,13,13
512,55,55,56,55
516,56,56,57,56
520,57,57,58,57
524,138,138,139,138
528,139,139,140,139
532,140,140,141,140
536,14,14,14,14
540,15,15,15,15
544,16,16,16,16
548,58,58,59,58
552,59,59,60,59
556,60,60,61,60
560,141,141,143,141
564,143,143,144,143
568,144,144,145,144
572,17,17,17,17
576,18,18,18,18
580,19,19,19,19
584,61,61,62,61
588,62,62,63,62
592,63,63,64,63
596,145,145,146,145
600,146,146,147,146
604,147,147,148,147
608,20,20,20,20
612,21,21,21,21
616,22,22,22,22
620,64,64,65,64
624,65,65,66,65
628,66,66,67,66
632,148,148,149,148
636,149,149,150,149
640,150,150,151,150
644,23,23,23,23
648,24,24,24,24
652,25,25,25,25
656,67,67,68,67
660,68,68,69,68
664,69,69,70,69
668,151,151,152,151
672,152,152,153,152
676,153,153,154,153
680,26,26,26,26
684,27,27,27,27
688,28,28,28,28
692,70,70,71,70
696,71,71,72,71
700,72,72,73,72
704,154,154,156,154
708,155,155,157,155
712,156,156,158,156
716,29,29,29,29
720,30,30,30,30
724,31,31,31,31
728,73,73,74,73
732,74,74,75,74
736,75,75,76,75
740,157,157,159,157
744,158,158,160,158
748,159,159,161,159
752,32,32,32,32
756,33,33,33,33
760,34,34,34,34
764,76,76,77,76
768,77,77,78,77
772,78,78,79,78
776,160,160,162,160
780,161,161,163,161
784,162,162,165,162
788,35,35,35,35
792,36,36,36,36
796,79,79,37,79
800,80,80,80,80
804,81,81,81,81
808,82,82,82,82
812,83,83,166,83
816,163,163,167,163
820,165,165,168,165
824,166,166,83,166
828,84,84,84,84
832,85,85,85,85
836,86,86,86,86
840,87,87,87,87
844,88,88,88,88
848,89,89,89,89
852,90,90,90,90
856,91,91,91,91
860,92,92,169,92
864,167,167,171,167
868,168,168,172,168
872,169,169,92,169
876,93,93,93,93
880,94,94,94,94
884,95,95,95,95
888,96,96,96,96
892,97,97,97,97
896,98,98,98,98
900,99,99,99,99
904,100,100,100,100
908,101,101,173,101
912,175,175,174,175
916,178,178,180,178
920,179,179,101,179
924,102,102,102,102
928,103,103,103,103
932,104,104,104,104
936,105,105,105,105
940,106,106,106,106
944,107,107,107,107
948,108,108,108,108
952,109,109,109,109
956,110,110,181,110
960,180,180,182,180
964,181,181,183,181
968,182,182,110,182
972,111,111,111,111
976,112,112,112,112
980,113,113,113,113
984,114,114,114,114
988,115,115,115,115
992,116,116,116,116
996,117,117,117,117
1000,118,118,118,118
1004,119,119,185,119
1008,184,184,187,184
1012,186,186,189,186
1016,190,190,119,190
1020,142,142,135,142
1024,164,164,142,164
1028,170,170,155,170
1032,172,172,164,172
1036,192,192,170,192
1040,193,193,193,193
1044,194,194,195,194
1048,203,203,196,203
1052,205,205,203,205
1056,213,213,215,213
1060,215,215,204,215
1064,214,214,213,214
1068,1128,1128,1128,1128
1072,1212,1212,1212,1212
1076,1300,1300,1300,1300
1080,1352,1352,1352,1352
1084,1400,1400,1400,1400
1088,1448,1448,1448,1448
1092,1492,1492,1492,1492
1096,1528,1528,1528,1528
1100,1564,1564,1564,1564
1104,1604,1604,1604,1604
1108,1652,1652,1652,1652
1112,1700,1700,1700,1700
1116,1752,1752,1752,1752
1120,1836,1836,1836,1836
1124,1920,1920,1920,1920
1128,222,222,222,222
1132,223,223,223,223
1136,224,224,224,224
1140,248,248,248,248
1144,249,249,249,249
1148,250,250,250,250
1152,303,303,303,303
1156,304,304,304,304
1160,381,381,381,381
1164,382,382,382,382
1168,385,385,385,385
1172,386,386,386,386
1176,389,389,389,389
1180,390,390,390,390
1184,392,392,392,392
1188,395,395,395,395
1192,399,399,399,399
1196,400,400,400,400
1200,417,417,417,417
1204,425,425,425,425
1208,429,429,429,429
1212,225,225,225,225
1216,226,226,226,226
1220,227,227,227,227
1224,251,251,251,251
1228,252,252,252,252
1232,253,253,253,253
1236,305,305,305,305
1240,306,306,306,306
1244,307,307,307,307
1248,391,391,391,391
1252,393,393,393,393
1256,396,396,396,396
1260,406,406,406,406
1264,410,410,410,410
1268,411,411,411,411
1272,416,416,416,416
1276,418,418,418,418
1280,419,419,419,419
1284,420,420,420,420
1288,421,421,421,421
1292,422,422,422,422
1296,423,423,423,423
1300,228,228,228,228
1304,229,229,229,229
1308,230,230,230,230
1312,254,254,254,254
1316,255,255,255,255
1320,256,256,256,256
1324,308,308,308,308
1328,309,309,309,309
1332,310,310,310,310
1336,397,397,397,397
1340,398,398,398,398
1344,401,401,401,401
1348,424,424,424,424
1352,231,231,231,231
1356,232,232,232,232
1360,233,233,233,233
1364,257,257,257,257
1368,258,258,258,258
1372,259,259,259,259
1376,311,311,311,311
1380,312,312,312,312
1384,313,313,313,313
1388,402,402,402,402
1392,405,405,405,405
1396,408,408,408,408
1400,234,234,234,234
1404,235,235,235,235
1408,236,236,236,236
1412,260,260,260,260
1416,261,261,261,261
1420,262,262,262,262
1424,314,314,314,314
1428,315,315,315,315
1432,316,316,316,316
1436,409,409,409,409
1440,412,412,412,412
1444,413,413,413,413
1448,237,237,237,237
1452,238,238,238,238
1456,239,239,239,239
1460,263,263,263,263
1464,264,264,264,264
1468,265,265,265,265
1472,317,317,317,317
1476,318,318,318,318
1480,319,319,319,319
1484,415,415,415,415
1488,426,426,426,426
1492,240,240,240,240
1496,241,241,241,241
1500,242,242,242,242
1504,266,266,266,266
1508,267,267,267,267
1512,268,268,268,268
1516,320,320,320,320
1520,321,321,321,321
1524,322,322,322,322
1528,243,243,243,243
1532,244,244,244,244
1536,245,245,245,245
1540,269,269,269,269
1544,270,270,270,270
1548,271,271,271,271
1552,323,323,323,323
1556,324,324,324,324
1560,325,325,325,325
1564,246,246,246,246
1568,247,247,247,247
1572,272,272,272,272
1576,273,273,273,273
1580,274,274,274,274
1584,275,275,275,275
1588,276,276,276,276
1592,326,326,326,326
1596,327,327,327,327
1600,328,328,328,328
1604,277,277,277,277
1608,278,278,278,278
1612,279,279,279,279
1616,280,280,280,280
1620,281,281,281,281
1624,282,282,282,282
1628,283,283,283,283
1632,284,284,284,284
1636,285,285,285,285
1640,329,329,329,329
1644,330,330,330,330
1648,331,331,331,331
1652,286,286,286,286
1656,287,287,287,287
1660,288,288,288,288
1664,289,289,289,289
1668,290,290,290,290
1672,291,291,291,291
1676,292,292,292,292
1680,293,293,293,293
1684,294,294,294,294
1688,332,332,332,332
1692,333,333,333,333
1696,334,334,334,334
1700,295,295,295,295
1704,296,296,296,296
1708,297,297,297,297
1712,298,298,298,298
1716,299,299,299,299
1720,300,300,300,300
1724,301,301,301,301
1728,302,302,302,302
1732,335,335,335,335
1736,336,336,336,336
1740,337,337,337,337
1744,338,338,338,338
1748,339,339,339,339
1752,340,340,340,340
1756,341,341,341,341
1760,342,342,342,342
1764,343,343,343,343
1768,344,344,344,344
1772,345,345,345,345
1776,346,346,346,346
1780,347,347,347,347
1784,348,348,348,348
1788,349,349,349,349
1792,350,350,350,350
1796,351,351,351,351
1800,352,352,352,352
1804,353,353,353,353
1808,354,354,354,354
1812,355,355,355,355
1816,356,356,356,356
1820,357,357,357,357
1824,358,358,358,358
1828,359,359,359,359
1832,360,360,360,360
1836,361,361,361,361
1840,362,362,362,362
1844,363,363,363,363
1848,364,364,364,364
1852,365,365,365,365
1856,366,366,366,366
1860,367,367,367,367
1864,368,368,368,368
1868,369,369,369,369
1872,370,370,370,370
1876,371,371,371,371
1880,372,372,372,372
1884,373,373,373,373
1888,374,374,374,374
1892,375,375,375,375
1896,376,376,376,376
1900,377,377,377,377
1904,378,378,378,378
1908,379,379,379,379
1912,380,380,380,380
1916,383,383,383,383
1920,384,384,384,384
1924,387,387,387,387
1928,388,388,388,388
1932,394,394,394,394
1936,403,403,403,403
1940,404,404,404,404
1944,407,407,407,407
1948,414,414,414,414
1952,427,427,427,427
1956,428,428,428,428
1960,2040,2040,2040,2040
1964,2132,2132,2132,2132
1968,2212,2212,2212,2212
1972,2316,2316,2312,2316
1976,2376,2376,2376,2376
1980,2424,2424,2424,2424
1984,2472,2472,2472,2472
1988,2516,2516,2516,2516
1992,2552,2552,2552,2552
1996,2588,2588,2588,2588
2000,2624,2624,2624,2624
2004,2660,2660,2660,2660
2008,2704,2704,2704,2704
2012,2752,2752,2752,2752
2016,2800,2800,2800,2800
2020,2848,2848,2848,2848
2024,2900,2900,2896,2900
2028,2984,2984,2980,2984
2032,3068,3068,3064,3068
2036,3148,3148,3144,3148
2040,430,430,430,430
2044,431,431,431,431
2048,432,432,432,432
2052,464,464,464,464
2056,465,465,465,465
2060,466,466,466,466
2064,480,480,480,480
2068,540,540,541,540
2072,650,650,647,650
2076,653,653,648,653
2080,655,655,649,655
2084,657,657,650,657
2088,658,658,651,658
2092,661,661,655,661
2096,662,662,656,662
2100,663,663,658,663
2104,664,664,659,664
2108,667,667,663,667
2112,691,691,690,691
2116,714,714,715,714
2120,716,716,716,716
2124,717,717,717,717
2128,718,718,718,718
2132,433,433,433,433
2136,434,434,434,434
2140,435,435,435,435
2144,467,467,467,467
2148,468,468,468,468
2152,469,469,469,469
2156,541,541,542,541
2160,542,542,543,542
2164,543,543,544,543
2168,668,668,664,668
2172,669,669,665,669
2176,670,670,667,670
2180,671,671,668,671
2184,672,672,669,672
2188,675,675,674,675
2192,676,676,676,676
2196,679,679,678,679
2200,686,686,684,686
2204,687,687,685,687
2208,692,692,691,692
2212,436,436,436,436
2216,437,437,437,437
2220,438,438,438,438
2224,470,470,470,470
2228,471,471,471,471
2232,472,472,472,472
2236,544,544,545,544
2240,545,545,546,545
2244,546,546,547,546
2248,673,673,670,673
2252,674,674,671,674
2256,677,677,672,677
2260,693,693,687,693
2264,694,694,692,694
2268,695,695,693,695
2272,697,697,694,697
2276,698,698,695,698
2280,699,699,698,699
2284,700,700,700,700
2288,701,701,701,701
2292,702,702,702,702
2296,705,705,705,705
2300,706,706,706,706
2304,707,707,707,707
2308,708,708,708,708
2312,709,709,439,709
2316,439,439,440,439
2320,440,440,441,440
2324,441,441,473,441
2328,473,473,474,473
2332,474,474,475,474
2336,475,475,548,475
2340,547,547,549,547
2344,548,548,550,548
2348,549,549,675,549
2352,678,678,677,678
2356,680,680,679,680
2360,681,681,709,681
2364,712,712,711,712
2368,713,713,713,713
2372,715,715,714,715
2376,442,442,442,442
2380,443,443,443,443
2384,444,444,444,444
2388,476,476,476,476
2392,477,477,477,477
2396,478,478,478,478
2400,550,550,551,550
2404,551,551,552,551
2408,552,552,553,552
2412,682,682,680,682
2416,683,683,681,683
2420,684,684,682,684
2424,445,445,445,445
2428,446,446,446,446
2432,447,447,447,447
2436,479,479,479,479
2440,481,481,481,481
2444,482,482,482,482
2448,553,553,554,553
2452,554,554,555,554
2456,555,555,556,555
2460,685,685,683,685
2464,688,688,686,688
2468,689,689,688,689
2472,448,448,448,448
2476,449,449,449,449
2480,450,450,450,450
2484,483,483,483,483
2488,484,484,484,484
2492,485,485,485,485
2496,556,556,557,556
2500,557,557,558,557
2504,558,558,559,558
2508,690,690,689,690
2512,711,711,699,711
2516,451,451,451,451
2520,452,452,452,452
2524,453,453,453,453
2528,486,486,486,486
2532,487,487,487,487
2536,488,488,488,488
2540,559,559,560,559
2544,560,560,561,560
2548,561,561,562,561
2552,454,454,454,454
2556,455,455,455,455
2560,456,456,456,456
2564,489,489,489,489
2568,490,490,490,490
2572,491,491,491,491
2576,562,562,563,562
2580,563,563,564,563
2584,564,564,565,564
2588,457,457,457,457
2592,458,458,458,458
2596,459,459,459,459
2600,492,492,492,492
2604,493,493,493,493
2608,494,494,494,494
2612,565,565,566,565
2616,566,566,567,566
2620,567,567,568,567
2624,460,460,460,460
2628,461,461,461,461
2632,462,462,462,462
2636,495,495,495,495
2640,496,496,496,496
2644,497,497,497,497
2648,568,568,569,568
2652,569,569,570,569
2656,570,570,571,570
2660,463,463,463,463
2664,498,498,498,498
2668,499,499,499,499
2672,500,500,500,500
2676,501,501,501,501
2680,502,502,502,502
2684,503,503,503,503
2688,504,504,504,504
2692,571,571,572,571
2696,572,572,573,572
2700,573,573,574,573
2704,505,505,505,505
2708,506,506,506,506
2712,507,507,507,507
2716,508,508,508,508
2720,509,509,509,509
2724,510,510,510,510
2728,511,511,511,511
2732,512,512,512,512
2736,513,513,513,513
2740,574,574,575,574
2744,575,575,576,575
2748,576,576,577,576
2752,514,514,514,514
2756,515,515,515,515
2760,516,516,516,516
2764,517,517,517,517
2768,518,518,518,518
2772,519,519,519,519
2776,520,520,520,520
2780,521,521,521,521
2784,522,522,522,522
2788,577,577,578,577
2792,578,578,579,578
2796,579,579,580,579
2800,523,523,523,523
2804,524,524,524,524
2808,525,525,525,525
2812,526,526,526,526
2816,527,527,527,527
2820,528,528,528,528
2824,529,529,529,529
2828,530,530,530,530
2832,531,531,531,531
2836,580,580,581,580
2840,581,581,582,581
2844,582,582,583,582
2848,532,532,532,532
2852,533,533,533,533
2856,534,534,534,534
2860,535,535,535,535
2864,536,536,536,536
2868,537,537,537,537
2872,538,538,538,538
2876,539,539,539,539
2880,583,583,540,583
2884,584,584,584,584
2888,585,585,585,585
2892,586,586,586,586
2896,587,587,587,587
2900,588,588,588,588
2904,589,589,589,589
2908,590,590,590,590
2912,591,591,591,591
2916,592,592,592,592
2920,593,593,593,593
2924,594,594,594,594
2928,595,595,595,595
2932,596,596,596,596
2936,597,597,597,597
2940,598,598,598,598
2944,599,599,599,599
2948,600,600,600,600
2952,601,601,601,601
2956,602,602,602,602
2960,603,603,603,603
2964,604,604,604,604
2968,605,605,605,605
2972,606,606,606,606
2976,607,607,607,607
2980,608,608,608,608
2984,609,609,609,609
2988,610,610,610,610
2992,611,611,611,611
2996,612,612,612,612
3000,613,613,613,613
3004,614,614,614,614
3008,615,615,615,615
3012,616,616,616,616
3016,617,617,617,617
3020,618,618,618,618
3024,619,619,619,619
3028,620,620,620,620
3032,621,621,621,621
3036,622,622,622,622
3040,623,623,623,623
3044,624,624,624,624
3048,625,625,625,625
3052,626,626,626,626
3056,627,627,627,627
3060,628,628,628,628
3064,629,629,629,629
3068,630,630,630,630
3072,631,631,631,631
3076,632,632,632,632
3080,633,633,633,633
3084,634,634,634,634
3088,635,635,635,635
3092,636,636,636,636
3096,637,637,637,637
3100,638,638,638,638
3104,639,639,639,639
3108,640,640,640,640
3112,641,641,641,641
3116,642,642,642,642
3120,643,643,643,643
3124,644,644,644,644
3128,645,645,645,645
3132,646,646,646,646
3136,647,647,652,647
3140,648,648,653,648
3144,649,649,654,649
3148,651,651,657,651
3152,652,652,660,652
3156,654,654,661,654
3160,656,656,662,656
3164,659,659,666,659
3168,660,660,673,660
3172,665,665,696,665
3176,666,666,697,666
3180,696,696,703,696
3184,703,703,704,703
3188,704,704,710,704
3192,710,710,712,710
3196,3276,3276,3276,3276
3200,3368,3368,3368,3368
3204,3444,3444,3444,3444
3208,3520,3520,3520,3520
3212,3612,3612,3612,3612
3216,3680,3680,3680,3680
3220,3728,3728,3728,3728
3224,3776,3776,3776,3776
3228,3820,3820,3820,3820
3232,3856,3856,3856,3856
3236,3892,3892,3892,3892
3240,3928,3928,3928,3928
3244,3972,3972,3972,3972
3248,4020,4020,4020,4020
3252,4068,4068,4068,4068
3256,4116,4116,4116,4116
3260,4172,4172,4172,4172
3264,4252,4252,4252,4252
3268,4336,4336,4336,4336
3272,4420,4420,4420,4420
3276,719,719,719,719
3280,720,720,720,720
3284,721,721,721,721
3288,753,753,753,753
3292,754,754,754,754
3296,755,755,755,755
3300,793,793,793,793
3304,829,829,829,829
3308,943,943,943,943
3312,944,944,944,944
3316,945,945,945,945
3320,946,946,946,946
3324,947,947,947,947
3328,949,949,949,949
3332,951,951,951,951
3336,952,952,952,952
3340,956,956,956,956
3344,961,961,961,961
3348,995,995,995,995
3352,1016,1016,1016,1016
3356,1018,1018,1018,1018
3360,1019,1019,1019,1019
3364,1020,1020,1020,1020
3368,722,722,722,722
3372,723,723,723,723
3376,724,724,724,724
3380,756,756,756,756
3384,757,757,757,757
3388,758,758,758,758
3392,819,819,819,819
3396,830,830,830,830
3400,948,948,948,948
3404,950,950,950,950
3408,953,953,953,953
3412,963,963,963,963
3416,966,966,966,966
3420,967,967,967,967
3424,968,968,968,968
3428,969,969,969,969
3432,972,972,972,972
3436,973,973,973,973
3440,997,997,997,997
3444,725,725,725,725
3448,726,726,726,726
3452,727,727,727,727
3456,759,759,759,759
3460,760,760,760,760
3464,761,761,761,761
3468,825,825,825,825
3472,832,832,832,832
3476,954,954,954,954
3480,955,955,955,955
3484,958,958,958,958
3488,975,975,975,975
3492,976,976,976,976
3496,978,978,978,978
3500,980,980,980,980
3504,983,983,983,983
3508,986,986,986,986
3512,988,988,988,988
3516,998,998,998,998
3520,728,728,728,728
3524,729,729,729,729
3528,730,730,730,730
3532,762,762,762,762
3536,763,763,763,763
3540,764,764,764,764
3544,833,833,833,833
3548,834,834,834,834
3552,835,835,835,835
3556,960,960,960,960
3560,962,962,962,962
3564,964,964,964,964
3568,990,990,990,990
3572,991,991,991,991
3576,992,992,992,992
3580,999,999,999,999
3584,1000,1000,1000,1000
3588,1001,1001,1001,1001
3592,1003,1003,1003,1003
3596,1004,1004,1004,1004
3600,1006,1006,1006,1006
3604,1007,1007,1007,1007
3608,1008,1008,1008,1008
3612,731,731,731,731
3616,732,732,732,732
3620,733,733,733,733
3624,765,765,765,765
3628,766,766,766,766
3632,767,767,767,767
3636,836,836,836,836
3640,837,837,837,837
3644,838,838,838,838
3648,965,965,965,965
3652,977,977,977,977
3656,979,979,979,979
3660,1009,1009,1009,1009
3664,1011,1011,1011,1011
3668,1012,1012,1012,1012
3672,1013,1013,1013,1013
3676,1014,1014,1014,1014
3680,734,734,734,734
3684,735,735,735,735
3688,736,736,736,736
3692,768,768,768,768
3696,769,769,769,769
3700,770,770,770,770
3704,839,839,839,839
3708,840,840,840,840
3712,841,841,841,841
3716,981,981,981,981
3720,982,982,982,982
3724,985,985,985,985
3728,737,737,737,737
3732,738,738,738,738
3736,739,739,739,739
3740,771,771,771,771
3744,772,772,772,772
3748,773,773,773,773
3752,842,842,842,842
3756,843,843,843,843
3760,844,844,844,844
3764,987,987,987,987
3768,989,989,989,989
3772,993,993,993,993
3776,740,740,740,740
3780,741,741,741,741
3784,742,742,742,742
3788,774,774,774,774
3792,775,775,775,775
3796,776,776,776,776
3800,845,845,845,845
3804,846,846,846,846
3808,847,847,847,847
3812,994,994,994,994
3816,1005,1005,1005,1005
3820,743,743,743,743
3824,744,744,744,744
3828,745,745,745,745
3832,777,777,777,777
3836,778,778,778,778
3840,779,779,779,779
3844,848,848,848,848
3848,849,849,849,849
3852,850,850,850,850
3856,746,746,746,746
3860,747,747,747,747
3864,748,748,748,748
3868,780,780,780,780
3872,781,781,781,781
3876,782,782,782,782
3880,851,851,851,851
3884,852,852,852,852
3888,853,853,853,853
3892,749,749,749,749
3896,750,750,750,750
3900,751,751,751,751
3904,783,783,783,783
3908,784,784,784,784
3912,785,785,785,785
3916,854,854,854,854
3920,855,855,855,855
3924,856,856,856,856
3928,752,752,752,752
3932,786,786,786,786
3936,787,787,787,787
3940,788,788,788,788
3944,789,789,789,789
3948,790,790,790,790
3952,791,791,791,791
3956,792,792,792,792
3960,857,857,857,857
3964,858,858,858,858
3968,859,859,859,859
3972,794,794,794,794
3976,795,795,795,795
3980,796,796,796,796
3984,797,797,797,797
3988,798,798,798,798
3992,799,799,799,799
3996,800,800,800,800
4000,801,801,801,801
4004,802,802,802,802
4008,860,860,860,860
4012,861,861,861,861
4016,862,862,862,862
4020,803,803,803,803
4024,804,804,804,804
4028,805,805,805,805
4032,806,806,806,806
4036,807,807,807,807
4040,808,808,808,808
4044,809,809,809,809
4048,810,810,810,810
4052,811,811,811,811
4056,863,863,863,863
4060,864,864,864,864
4064,865,865,865,865
4068,812,812,812,812
4072,813,813,813,813
4076,814,814,814,814
4080,815,815,815,815
4084,816,816,816,816
4088,817,817,817,817
4092,818,818,818,818
4096,820,820,820,820
4100,821,821,821,821
4104,866,866,866,866
4108,867,867,867,867
4112,868,868,868,868
4116,822,822,822,822
4120,823,823,823,823
4124,824,824,824,824
4128,826,826,826,826
4132,827,827,827,827
4136,828,828,828,828
4140,831,831,831,831
4144,869,869,869,869
4148,870,870,870,870
4152,871,871,871,871
4156,872,872,872,872
4160,874,874,874,874
4164,875,875,875,875
4168,876,876,876,876
4172,873,873,873,873
4176,877,877,877,877
4180,878,878,878,878
4184,879,879,879,879
4188,880,880,880,880
4192,881,881,881,881
4196,882,882,882,882
4200,883,883,883,883
4204,884,884,884,884
4208,885,885,885,885
4212,886,886,886,886
4216,887,887,887,887
4220,888,888,888,888
4224,889,889,889,889
4228,890,890,890,890
4232,891,891,891,891
4236,892,892,892,892
4240,893,893,893,893
4244,894,894,894,894
4248,895,895,895,895
4252,896,896,896,896
4256,897,897,897,897
4260,898,898,898,898
4264,899,899,899,899
4268,900,900,900,900
4272,901,901,901,901
4276,902,902,902,902
4280,903,903,903,903
4284,904,904,904,904
4288,905,905,905,905
4292,906,906,906,906
4296,907,907,907,907
4300,908,908,908,908
4304,909,909,909,909
4308,910,910,910,910
4312,911,911,911,911
4316,912,912,912,912
4320,913,913,913,913
4324,914,914,914,914
4328,915,915,915,915
4332,916,916,916,916
4336,917,917,917,917
4340,918,918,918,918
4344,919,919,919,919
4348,920,920,920,920
4352,921,921,921,921
4356,922,922,922,922
4360,923,923,923,923
4364,924,924,924,924
4368,925,925,925,925
4372,926,926,926,926
4376,927,927,927,927
4380,928,928,928,928
4384,929,929,929,929
4388,930,930,930,930
4392,931,931,931,931
4396,932,932,932,932
4400,933,933,933,933
4404,934,934,934,934
4408,935,935,935,935
4412,937,937,937,937
4416,938,938,938,938
4420,936,936,936,936
4424,939,939,939,939
4428,940,940,940,940
4432,941,941,941,941
4436,942,942,942,942
4440,957,957,957,957
4444,959,959,959,959
4448,970,970,970,970
4452,971,971,971,971
4456,974,974,974,974
4460,984,984,984,984
4464,996,996,996,996
4468,1002,1002,1002,1002
4472,1010,1010,1010,1010
4476,1015,1015,1015,1015
4480,1017,1017,1017,1017
4484,4560,4560,4560,4560
4488,4692,4692,4680,4680
4492,4768,4768,4756,4756
4496,4848,4848,4836,4836
4500,4948,4948,4932,4932
4504,5016,5016,4996,4996
4508,5064,5064,5044,5044
4512,5112,5112,5092,5092
4516,5160,5160,5140,5140
4520,5208,5208,5188,5188
4524,5256,5256,5236,5236
4528,5312,5312,5292,5292
4532,5372,5372,5352,5352
4536,5432,5432,5412,5412
4540,5480,5480,5460,5460
4544,5528,5528,5508,5508
4548,5588,5588,5568,5568
4552,5672,5672,5652,5652
4556,5756,5756,5736,5736
4560,1021,1021,1021,1021
4564,1022,1022,1022,1022
4568,1023,1023,1023,1023
4572,1052,1052,1052,1052
4576,1053,1053,1053,1053
4580,1054,1054,1054,1054
4584,1083,1083,1083,1083
4588,1133,1133,1133,1133
4592,1207,1207,1208,1208
4596,1208,1208,1210,1210
4600,1210,1210,1213,1213
4604,1213,1213,1214,1214
4608,1214,1214,1215,1215
4612,1215,1215,1216,1216
4616,1222,1222,1223,1223
4620,1229,1229,1230,1230
4624,1230,1230,1231,1231
4628,1232,1232,1233,1233
4632,1282,1282,1285,1285
4636,1304,1304,1307,1307
4640,1305,1305,1308,1308
4644,1309,1309,1309,1309
4648,1312,1312,1310,1310
4652,1317,1317,1312,1312
4656,1318,1318,1314,1314
4660,1319,1319,1316,1316
4664,1320,1320,1317,1317
4668,1321,1321,1318,1318
4672,1322,1322,1319,1319
4676,1323,1323,1320,1320
4680,1324,1324,1024,1024
4684,1325,1325,1025,1025
4688,1326,1326,1026,1026
4692,1024,1024,1055,1055
4696,1025,1025,1056,1056
4700,1026,1026,1057,1057
4704,1055,1055,1117,1117
4708,1056,1056,1134,1134
4712,1057,1057,1220,1220
4716,1118,1118,1222,1222
4720,1134,1134,1224,1224
4724,1216,1216,1240,1240
4728,1221,1221,1241,1241
4732,1223,1223,1243,1243
4736,1236,1236,1247,1247
4740,1237,1237,1256,1256
4744,1239,1239,1258,1258
4748,1242,1242,1260,1260
4752,1244,1244,1287,1287
4756,1246,1246,1027,1027
4760,1250,1250,1028,1028
4764,1284,1284,1029,1029
4768,1027,1027,1058,1058
4772,1028,1028,1059,1059
4776,1029,1029,1060,1060
4780,1058,1058,1135,1135
4784,1059,1059,1136,1136
4788,1060,1060,1137,1137
4792,1135,1135,1225,1225
4796,1136,1136,1226,1226
4800,1137,1137,1227,1227
4804,1224,1224,1263,1263
4808,1225,1225,1265,1265
4812,1226,1226,1266,1266
4816,1253,1253,1267,1267
4820,1259,1259,1272,1272
4824,1262,1262,1275,1275
4828,1266,1266,1278,1278
4832,1270,1270,1288,1288
4836,1271,1271,1030,1030
4840,1278,1278,1031,1031
4844,1285,1285,1032,1032
4848,1030,1030,1061,1061
4852,1031,1031,1062,1062
4856,1032,1032,1063,1063
4860,1061,1061,1138,1138
4864,1062,1062,1139,1139
4868,1063,1063,1140,1140
4872,1138,1138,1228,1228
4876,1139,1139,1229,1229
4880,1140,1140,1232,1232
4884,1227,1227,1280,1280
4888,1228,1228,1289,1289
4892,1231,1231,1290,1290
4896,1280,1280,1291,1291
4900,1281,1281,1293,1293
4904,1286,1286,1295,1295
4908,1288,1288,1297,1297
4912,1290,1290,1299,1299
4916,1291,1291,1300,1300
4920,1292,1292,1302,1302
4924,1293,1293,1304,1304
4928,1294,1294,1305,1305
4932,1295,1295,1033,1033
4936,1296,1296,1034,1034
4940,1299,1299,1035,1035
4944,1301,1301,1064,1064
4948,1033,1033,1065,1065
4952,1034,1034,1066,1066
4956,1035,1035,1141,1141
4960,1064,1064,1142,1142
4964,1065,1065,1143,1143
4968,1066,1066,1234,1234
4972,1141,1141,1236,1236
4976,1142,1142,1239,1239
4980,1143,1143,1306,1306
4984,1233,1233,1311,1311
4988,1234,1234,1313,1313
4992,1235,1235,1315,1315
4996,1303,1303,1036,1036
5000,1306,1306,1037,1037
5004,1311,1311,1038,1038
5008,1313,1313,1067,1067
5012,1315,1315,1068,1068
5016,1036,1036,1069,1069
5020,1037,1037,1144,1144
5024,1038,1038,1145,1145
5028,1067,1067,1146,1146
5032,1068,1068,1242,1242
5036,1069,1069,1244,1244
5040,1144,1144,1246,1246
5044,1145,1145,1039,1039
5048,1146,1146,1040,1040
5052,1238,1238,1041,1041
5056,1240,1240,1070,1070
5060,1241,1241,1071,1071
5064,1039,1039,1072,1072
5068,1040,1040,1147,1147
5072,1041,1041,1148,1148
5076,1070,1070,1149,1149
5080,1071,1071,1248,1248
5084,1072,1072,1251,1251
5088,1147,1147,1252,1252
5092,1148,1148,1042,1042
5096,1149,1149,1043,1043
5100,1243,1243,1044,1044
5104,1245,1245,1073,1073
5108,1248,1248,1074,1074
5112,1042,1042,1075,1075
5116,1043,1043,1150,1150
5120,1044,1044,1151,1151
5124,1073,1073,1152,1152
5128,1074,1074,1255,1255
5132,1075,1075,1257,1257
5136,1150,1150,1259,1259
5140,1151,1151,1045,1045
5144,1152,1152,1046,1046
5148,1249,1249,1047,1047
5152,1254,1254,1076,1076
5156,1257,1257,1077,1077
5160,1045,1045,1078,1078
5164,1046,1046,1153,1153
5168,1047,1047,1154,1154
5172,1076,1076,1155,1155
5176,1077,1077,1261,1261
5180,1078,1078,1262,1262
5184,1153,1153,1264,1264
5188,1154,1154,1048,1048
5192,1155,1155,1049,1049
5196,1260,1260,1050,1050
5200,1261,1261,1079,1079
5204,1264,1264,1080,1080
5208,1048,1048,1081,1081
5212,1049,1049,1156,1156
5216,1050,1050,1157,1157
5220,1079,1079,1158,1158
5224,1080,1080,1269,1269
5228,1081,1081,1270,1270
5232,1156,1156,1271,1271
5236,1157,1157,1051,1051
5240,1158,1158,1082,1082
5244,1265,1265,1084,1084
5248,1267,1267,1085,1085
5252,1268,1268,1086,1086
5256,1051,1051,1087,1087
5260,1082,1082,1088,1088
5264,1084,1084,1089,1089
5268,1085,1085,1159,1159
5272,1086,1086,1160,1160
5276,1087,1087,1161,1161
5280,1088,1088,1273,1273
5284,1089,1089,1274,1274
5288,1159,1159,1276,1276
5292,1160,1160,1090,1090
5296,1161,1161,1091,1091
5300,1272,1272,1092,1092
5304,1274,1274,1093,1093
5308,1276,1276,1094,1094
5312,1090,1090,1095,1095
5316,1091,1091,1096,1096
5320,1092,1092,1097,1097
5324,1093,1093,1098,1098
5328,1094,1094,1162,1162
5332,1095,1095,1163,1163
5336,1096,1096,1164,1164
5340,1097,1097,1277,1277
5344,1098,1098,1281,1281
5348,1162,1162,1282,1282
5352,1163,1163,1099,1099
5356,1164,1164,1100,1100
5360,1277,1277,1101,1101
5364,1279,1279,1102,1102
5368,1287,1287,1103,1103
5372,1099,1099,1104,1104
5376,1100,1100,1105,1105
5380,1101,1101,1106,1106
5384,1102,1102,1107,1107
5388,1103,1103,1165,1165
5392,1104,1104,1166,1166
5396,1105,1105,1167,1167
5400,1106,1106,1284,1284
5404,1107,1107,1298,1298
5408,1165,1165,1303,1303
5412,1166,1166,1108,1108
5416,1167,1167,1109,1109
5420,1297,1297,1110,1110
5424,1308,1308,1111,1111
5428,1314,1314,1112,1112
5432,1108,1108,1113,1113
5436,1109,1109,1114,1114
5440,1110,1110,1115,1115
5444,1111,1111,1116,1116
5448,1112,1112,1168,1168
5452,1113,1113,1169,1169
5456,1114,1114,1170,1170
5460,1115,1115,1118,1118
5464,1116,1116,1119,1119
5468,1168,1168,1120,1120
5472,1169,1169,1121,1121
5476,1170,1170,1122,1122
5480,1117,1117,1123,1123
5484,1119,1119,1124,1124
5488,1120,1120,1125,1125
5492,1121,1121,1126,1126
5496,1122,1122,1171,1171
5500,1123,1123,1172,1172
5504,1124,1124,1173,1173
5508,1125,1125,1127,1127
5512,1126,1126,1128,1128
5516,1171,1171,1129,1129
5520,1172,1172,1130,1130
5524,1173,1173,1131,1131
5528,1127,1127,1132,1132
5532,1128,1128,1174,1174
5536,1129,1129,1175,1175
5540,1130,1130,1176,1176
5544,1131,1131,1177,1177
5548,1132,1132,1178,1178
5552,1174,1174,1179,1179
5556,1175,1175,1180,1180
5560,1176,1176,1181,1181
5564,1177,1177,1182,1182
5568,1178,1178,1183,1183
5572,1179,1179,1184,1184
5576,1180,1180,1185,1185
5580,1181,1181,1186,1186
5584,1182,1182,1187,1187
5588,1183,1183,1188,1188
5592,1184,1184,1189,1189
5596,1185,1185,1190,1190
5600,1186,1186,1191,1191
5604,1187,1187,1192,1192
5608,1188,1188,1193,1193
5612,1189,1189,1194,1194
5616,1190,1190,1195,1195
5620,1191,1191,1196,1196
5624,1192,1192,1197,1197
5628,1193,1193,1198,1198
5632,1194,1194,1199,1199
5636,1195,1195,1200,1200
5640,1196,1196,1201,1201
5644,1197,1197,1202,1202
5648,1198,1198,1203,1203
5652,1199,1199,1204,1204
5656,1200,1200,1205,1205
5660,1201,1201,1206,1206
5664,1202,1202,1207,1207
5668,1203,1203,1209,1209
5672,1204,1204,1211,1211
5676,1205,1205,1212,1212
5680,1206,1206,1217,1217
5684,1209,1209,1218,1218
5688,1211,1211,1219,1219
5692,1212,1212,1221,1221
5696,1217,1217,1235,1235
5700,1218,1218,1237,1237
5704,1219,1219,1238,1238
5708,1220,1220,1245,1245
5712,1247,1247,1249,1249
5716,1251,1251,1250,1250
5720,1252,1252,1253,1253
5724,1255,1255,1254,1254
5728,1256,1256,1268,1268
5732,1258,1258,1279,1279
5736,1263,1263,1283,1283
5740,1269,1269,1286,1286
5744,1273,1273,1292,1292
5748,1275,1275,1294,1294
5752,1283,1283,1296,1296
5756,1289,1289,1301,1301
5760,1298,1298,5768,5768
5764,1300,1300,5808,5808
5768,1302,1302,1321,1321
5772,1307,1307,1322,1322
5776,1310,1310,1323,1323
5780,1316,1316,1324,1324
5784,5792,5792,1325,1325
5788,5832,5832,1326,1326
5792,1327,1327,1328,1328
5796,1328,1328,1329,1329
5800,1329,1329,1330,1330
5804,1330,1330,1331,1331
5808,1331,1331,1327,1327
5812,1332,1332,5932,5932
5816,1334,1334,6024,6012
5820,1335,1335,6104,6092
5824,1336,1336,6184,6172
5828,1337,1337,6264,6252
5832,1333,1333,6344,6332
5836,5956,5956,6436,6432
5840,6036,6036,6484,6480
5844,6116,6116,6532,6528
5848,6196,6196,6580,6576
5852,6276,6276,6616,6616
5856,6356,6356,6652,6652
5860,6456,6456,6688,6688
5864,6504,6504,6724,6728
5868,6552,6552,6772,6776
5872,6600,6600,6820,6824
5876,6640,6640,6868,6872
5880,6676,6676,6916,6920
5884,6712,6712,6964,6968
5888,6752,6752,7012,7016
5892,6800,6800,7060,7064
5896,6848,6848,7108,7112
5900,6896,6896,7156,7160
5904,6944,6944,7204,7208
5908,6992,6992,7252,7256
5912,7040,7040,7300,7304
5916,7088,7088,7348,7352
5920,7136,7136,7396,7404
5924,7184,7184,7476,7488
5928,7232,7232,7556,7564
5932,7280,7280,1332,1332
5936,7328,7328,1333,1333
5940,7376,7376,1334,1334
5944,7428,7428,1371,1370
5948,7512,7512,1372,1371
5952,7588,7588,1373,1372
5956,1338,1338,1535,1373
5960,1339,1339,1537,1535
5964,1340,1340,1575,1575
5968,1376,1376,1633,1634
5972,1377,1377,1634,1635
5976,1378,1378,1635,1636
5980,1379,1379,1636,1638
5984,1541,1541,1637,1639
5988,1581,1581,1638,1640
5992,1640,1640,1639,1735
5996,1641,1641,1643,1738
6000,1642,1642,1715,1739
6004,1644,1644,1737,1740
6008,1645,1645,1738,1741
6012,1646,1646,1739,1335
6016,1741,1741,1740,1336
6020,1744,1744,1741,1337
6024,1745,1745,1335,1374
6028,1746,1746,1336,1375
6032,1747,1747,1337,1376
6036,1341,1341,1374,1537
6040,1342,1342,1375,1538
6044,1343,1343,1376,1539
6048,1380,1380,1538,1637
6052,1381,1381,1539,1641
6056,1382,1382,1540,1642
6060,1543,1543,1640,1644
6064,1544,1544,1641,1647
6068,1545,1545,1642,1650
6072,1643,1643,1644,1653
6076,1647,1647,1649,1654
6080,1648,1648,1652,1657
6084,1650,1650,1653,1661
6088,1653,1653,1656,1718
6092,1656,1656,1660,1338
6096,1659,1659,1661,1339
6100,1660,1660,1718,1340
6104,1663,1663,1338,1377
6108,1667,1667,1339,1378
6112,1724,1724,1340,1379
6116,1344,1344,1377,1540
6120,1345,1345,1378,1541
6124,1346,1346,1379,1542
6128,1383,1383,1541,1643
6132,1384,1384,1542,1648
6136,1385,1385,1543,1649
6140,1546,1546,1647,1663
6144,1547,1547,1648,1665
6148,1548,1548,1650,1670
6152,1649,1649,1663,1673
6156,1654,1654,1668,1674
6160,1655,1655,1670,1675
6164,1669,1669,1673,1676
6168,1671,1671,1674,1719
6172,1676,1676,1676,1341
6176,1679,1679,1681,1342
6180,1680,1680,1719,1343
6184,1681,1681,1341,1380
6188,1682,1682,1342,1381
6192,1725,1725,1343,1382
6196,1347,1347,1380,1543
6200,1348,1348,1381,1544
6204,1349,1349,1382,1545
6208,1386,1386,1544,1651
6212,1387,1387,1545,1652
6216,1388,1388,1546,1655
6220,1549,1549,1651,1681
6224,1550,1550,1654,1684
6228,1551,1551,1658,1687
6232,1657,1657,1685,1688
6236,1658,1658,1687,1689
6240,1661,1661,1688,1690
6244,1687,1687,1689,1692
6248,1690,1690,1690,1720
6252,1693,1693,1692,1344
6256,1694,1694,1697,1345
6260,1695,1695,1720,1346
6264,1696,1696,1344,1383
6268,1698,1698,1345,1384
6272,1726,1726,1346,1385
6276,1350,1350,1383,1546
6280,1351,1351,1384,1547
6284,1352,1352,1385,1548
6288,1389,1389,1547,1659
6292,1390,1390,1548,1666
6296,1391,1391,1549,1668
6300,1552,1552,1665,1697
6304,1553,1553,1666,1700
6308,1554,1554,1677,1706
6312,1665,1665,1700,1710
6316,1672,1672,1705,1711
6320,1674,1674,1709,1713
6324,1703,1703,1710,1715
6328,1706,1706,1713,1721
6332,1712,1712,1716,1347
6336,1716,1716,1717,1348
6340,1717,1717,1721,1349
6344,1719,1719,1347,1386
6348,1721,1721,1348,1387
6352,1727,1727,1349,1388
6356,1353,1353,1386,1549
6360,1354,1354,1387,1550
6364,1355,1355,1388,1551
6368,1392,1392,1550,1679
6372,1393,1393,1551,1683
6376,1394,1394,1552,1686
6380,1555,1555,1683,1716
6384,1556,1556,1686,1722
6388,1557,1557,1691,1723
6392,1685,1685,1722,1724
6396,1689,1689,1723,1725
6400,1692,1692,1724,1726
6404,1722,1722,1725,1729
6408,1728,1728,1726,1730
6412,1729,1729,1729,1731
6416,1730,1730,1730,1732
6420,1731,1731,1731,1733
6424,1732,1732,1732,1734
6428,1735,1735,1733,1737
6432,1736,1736,1734,1350
6436,1737,1737,1350,1351
6440,1738,1738,1351,1352
6444,1739,1739,1352,1389
6448,1740,1740,1389,1390
6452,1743,1743,1390,1391
6456,1356,1356,1391,1552
6460,1357,1357,1553,1553
6464,1358,1358,1554,1554
6468,1395,1395,1555,1691
6472,1396,1396,1693,1693
6476,1397,1397,1699,1699
6480,1558,1558,1701,1353
6484,1559,1559,1353,1354
6488,1560,1560,1354,1355
6492,1697,1697,1355,1392
6496,1699,1699,1392,1393
6500,1705,1705,1393,1394
6504,1359,1359,1394,1555
6508,1360,1360,1556,1556
6512,1361,1361,1557,1557
6516,1398,1398,1558,1701
6520,1399,1399,1703,1703
6524,1400,1400,1704,1704
6528,1561,1561,1706,1356
6532,1562,1562,1356,1357
6536,1563,1563,1357,1358
6540,1707,1707,1358,1395
6544,1709,1709,1395,1396
6548,1710,1710,1396,1397
6552,1362,1362,1397,1558
6556,1363,1363,1559,1559
6560,1364,1364,1560,1560
6564,1401,1401,1561,1705
6568,1402,1402,1707,1707
6572,1403,1403,1711,1709
6576,1564,1564,1735,1359
6580,1565,1565,1359,1360
6584,1566,1566,1360,1361
6588,1711,1711,1361,1398
6592,1713,1713,1398,1399
6596,1715,1715,1399,1400
6600,1365,1365,1400,1561
6604,1366,1366,1562,1562
6608,1367,1367,1563,1563
6612,1404,1404,1564,1717
6616,1405,1405,1362,1362
6620,1406,1406,1363,1363
6624,1567,1567,1364,1364
6628,1568,1568,1401,1401
6632,1569,1569,1402,1402
6636,1723,1723,1403,1403
6640,1368,1368,1565,1564
6644,1369,1369,1566,1565
6648,1370,1370,1567,1566
6652,1407,1407,1365,1365
6656,1408,1408,1366,1366
6660,1409,1409,1367,1367
6664,1570,1570,1404,1404
6668,1571,1571,1405,1405
6672,1572,1572,1406,1406
6676,1371,1371,1568,1567
6680,1372,1372,1569,1568
6684,1373,1373,1570,1569
6688,1410,1410,1368,1368
6692,1411,1411,1369,1369
6696,1412,1412,1370,1407
6700,1573,1573,1407,1408
6704,1574,1574,1408,1409
6708,1575,1575,1409,1410
6712,1374,1374,1571,1411
6716,1375,1375,1572,1570
6720,1413,1413,1573,1571
6724,1414,1414,1410,1572
6728,1415,1415,1411,1412
6732,1416,1416,1412,1413
6736,1417,1417,1413,1414
6740,1576,1576,1414,1415
6744,1577,1577,1415,1416
6748,1578,1578,1416,1417
6752,1418,1418,1417,1418
6756,1419,1419,1418,1419
6760,1420,1420,1574,1420
6764,1421,1421,1576,1573
6768,1422,1422,1577,1574
6772,1423,1423,1419,1576
6776,1424,1424,1420,1421
6780,1425,1425,1421,1422
6784,1426,1426,1422,1423
6788,1579,1579,1423,1424
6792,1580,1580,1424,1425
6796,1582,1582,1425,1426
6800,1427,1427,1426,1427
6804,1428,1428,1427,1428
6808,1429,1429,1578,1429
6812,1430,1430,1579,1577
6816,1431,1431,1580,1578
6820,1432,1432,1428,1579
6824,1433,1433,1429,1430
6828,1434,1434,1430,1431
6832,1435,1435,1431,1432
6836,1583,1583,1432,1433
6840,1584,1584,1433,1434
6844,1585,1585,1434,1435
6848,1436,1436,1435,1436
6852,1437,1437,1436,1437
6856,1438,1438,1582,1438
6860,1439,1439,1583,1580
6864,1440,1440,1584,1582
6868,1441,1441,1437,1583
6872,1442,1442,1438,1439
6876,1443,1443,1439,1440
6880,1444,1444,1440,1441
6884,1586,1586,1441,1442
6888,1588,1588,1442,1443
6892,1589,1589,1443,1444
6896,1445,1445,1444,1445
6900,1446,1446,1445,1446
6904,1447,1447,1585,1447
6908,1448,1448,1586,1584
6912,1449,1449,1587,1585
6916,1450,1450,1446,1586
6920,1451,1451,1447,1448
6924,1452,1452,1448,1449
6928,1453,1453,1449,1450
6932,1590,1590,1450,1451
6936,1591,1591,1451,1452
6940,1592,1592,1452,1453
6944,1454,1454,1453,1454
6948,1455,1455,1454,1455
6952,1456,1456,1588,1456
6956,1457,1457,1589,1587
6960,1458,1458,1590,1588
6964,1459,1459,1455,1589
6968,1460,1460,1456,1457
6972,1461,1461,1457,1458
6976,1462,1462,1458,1459
6980,1593,1593,1459,1460
6984,1594,1594,1460,1461
6988,1595,1595,1461,1462
6992,1463,1463,1462,1463
6996,1464,1464,1463,1464
7000,1465,1465,1591,1465
7004,1466,1466,1592,1590
7008,1467,1467,1593,1591
7012,1468,1468,1464,1592
7016,1469,1469,1465,1466
7020,1470,1470,1466,1467
7024,1471,1471,1467,1468
7028,1596,1596,1468,1469
7032,1597,1597,1469,1470
7036,1598,1598,1470,1471
7040,1472,1472,1471,1472
7044,1473,1473,1472,1473
7048,1474,1474,1594,1474
7052,1475,1475,1595,1593
7056,1476,1476,1596,1594
7060,1477,1477,1473,1595
7064,1478,1478,1474,1475
7068,1479,1479,1475,1476
7072,1480,1480,1476,1477
7076,1599,1599,1477,1478
7080,1600,1600,1478,1479
7084,1601,1601,1479,1480
7088,1481,1481,1480,1481
7092,1482,1482,1481,1482
7096,1483,1483,1597,1483
7100,1484,1484,1598,1596
7104,1485,1485,1599,1597
7108,1486,1486,1482,1598
7112,1487,1487,1483,1484
7116,1488,1488,1484,1485
7120,1489,1489,1485,1486
7124,1602,1602,1486,1487
7128,1603,1603,1487,1488
7132,1604,1604,1488,1489
7136,1490,1490,1489,1490
7140,1491,1491,1490,1491
7144,1492,1492,1600,1492
7148,1493,1493,1601,1599
7152,1494,1494,1602,1600
7156,1495,1495,1491,1601
7160,1496,1496,1492,1493
7164,1497,1497,1493,1494
7168,1498,1498,1494,1495
7172,1605,1605,1495,1496
7176,1606,1606,1496,1497
7180,1607,1607,1497,1498
7184,1499,1499,1498,1499
7188,1500,1500,1499,1500
7192,1501,1501,1603,1501
7196,1502,1502,1604,1602
7200,1503,1503,1605,1603
7204,1504,1504,1500,1604
7208,1505,1505,1501,1502
7212,1506,1506,1502,1503
7216,1507,1507,1503,1504
7220,1608,1608,1504,1505
7224,1609,1609,1505,1506
7228,1610,1610,1506,1507
7232,1508,1508,1507,1508
7236,1509,1509,1508,1509
7240,1510,1510,1606,1510
7244,1511,1511,1607,1605
7248,1512,1512,1608,1606
7252,1513,1513,1509,1607
7256,1514,1514,1510,1511
7260,1515,1515,1511,1512
7264,1516,1516,1512,1513
7268,1611,1611,1513,1514
7272,1612,1612,1514,1515
7276,1613,1613,1515,1516
7280,1517,1517,1516,1517
7284,1518,1518,1517,1518
7288,1519,1519,1609,1519
7292,1520,1520,1610,1608
7296,1521,1521,1611,1609
7300,1522,1522,1518,1610
7304,1523,1523,1519,1520
7308,1524,1524,1520,1521
7312,1525,1525,1521,1522
7316,1614,1614,1522,1523
7320,1615,1615,1523,1524
7324,1616,1616,1524,1525
7328,1526,1526,1525,1526
7332,1527,1527,1526,1527
7336,1528,1528,1612,1528
7340,1529,1529,1613,1611
7344,1530,1530,1614,1612
7348,1531,1531,1527,1613
7352,1532,1532,1528,1529
7356,1533,1533,1529,1530
7360,1534,1534,1530,1531
7364,1617,1617,1531,1532
7368,1618,1618,1532,1533
7372,1619,1619,1533,1534
7376,1535,1535,1534,1536
7380,1536,1536,1536,1581
7384,1537,1537,1615,1614
7388,1538,1538,1616,1615
7392,1539,1539,1617,1616
7396,1540,1540,1581,1617
7400,1542,1542,1618,1618
7404,1587,1587,1619,1619
7408,1620,1620,1620,1620
7412,1621,1621,1621,1621
7416,1622,1622,1622,1622
7420,1623,1623,1623,1623
7424,1624,1624,1624,1624
7428,1625,1625,1625,1625
7432,1626,1626,1626,1626
7436,1627,1627,1627,1627
7440,1628,1628,1628,1628
7444,1629,1629,1629,1629
7448,1630,1630,1630,1630
7452,1631,1631,1631,1631
7456,1632,1632,1632,1632
7460,1633,1633,1645,1633
7464,1634,1634,1646,1645
7468,1635,1635,1657,1646
7472,1636,1636,1659,1656
7476,1637,1637,1655,1658
7480,1638,1638,1662,1662
7484,1639,1639,1664,1664
7488,1651,1651,1667,1660
7492,1652,1652,1669,1667
7496,1662,1662,1671,1669
7500,1664,1664,1672,1671
7504,1668,1668,1675,1672
7508,1670,1670,1678,1677
7512,1666,1666,1679,1678
7516,1673,1673,1680,1680
7520,1675,1675,1682,1682
7524,1677,1677,1684,1685
7528,1678,1678,1694,1694
7532,1683,1683,1695,1695
7536,1684,1684,1696,1696
7540,1686,1686,1698,1698
7544,1688,1688,1708,1702
7548,1691,1691,1712,1708
7552,1700,1700,1714,1712
7556,1701,1701,1702,1714
7560,1702,1702,1727,1727
7564,1704,1704,1728,1728
7568,1708,1708,1736,1736
7572,1714,1714,7672,7672
7576,1718,1718,7760,7748
7580,1720,1720,7840,7828
7584,1733,1733,7920,7908
7588,1734,1734,8008,8004
7592,1742,1742,8056,8052
7596,7696,7696,8104,8100
7600,7772,7772,8152,8148
7604,7852,7852,8192,8192
7608,7932,7932,8228,8228
7612,8028,8028,8264,8264
7616,8076,8076,8300,8300
7620,8124,8124,8336,8336
7624,8172,8172,8372,8376
7628,8216,8216,8420,8424
7632,8252,8252,8468,8472
7636,8288,8288,8516,8520
7640,8324,8324,8564,8568
7644,8360,8360,8612,8616
7648,8400,8400,8660,8664
7652,8448,8448,8708,8712
7656,8496,8496,8756,8760
7660,8544,8544,8804,8816
7664,8592,8592,8884,8896
7668,8640,8640,8968,8980
7672,8688,8688,1742,1742
7676,8736,8736,1743,1743
7680,8784,8784,1744,1744
7684,8840,8840,1781,1780
7688,8920,8920,1782,1781
7692,9004,9004,1783,1782
7696,1748,1748,1898,1783
7700,1749,1749,1899,1898
7704,1750,1750,1900,1899
7708,1786,1786,1928,1928
7712,1787,1787,1992,1994
7716,1788,1788,1994,1995
7720,1789,1789,1995,1996
7724,1904,1904,1996,1997
7728,1905,1905,1997,1998
7732,1934,1934,1998,1999
7736,2000,2000,1999,2070
7740,2001,2001,2000,2072
7744,2002,2002,2048,2073
7748,2003,2003,2070,1745
7752,2004,2004,2072,1746
7756,2005,2005,2073,1747
7760,2076,2076,1745,1784
7764,2078,2078,1746,1785
7768,2079,2079,1747,1786
7772,1751,1751,1784,1900
7776,1752,1752,1785,1901
7780,1753,1753,1786,1902
7784,1790,1790,1901,1992
7788,1791,1791,1902,2000
7792,1792,1792,1903,2002
7796,1906,1906,2002,2006
7800,1907,1907,2006,2008
7804,1908,1908,2008,2010
7808,1998,1998,2010,2016
7812,2006,2006,2011,2018
7816,2008,2008,2016,2019
7820,2012,2012,2018,2024
7824,2014,2014,2019,2046
7828,2016,2016,2023,1748
7832,2022,2022,2030,1749
7836,2024,2024,2052,1750
7840,2025,2025,1748,1787
7844,2030,2030,1749,1788
7848,2052,2052,1750,1789
7852,1754,1754,1787,1903
7856,1755,1755,1788,1904
7860,1756,1756,1789,1905
7864,1793,1793,1904,2011
7868,1794,1794,1905,2012
7872,1795,1795,1906,2013
7876,1909,1909,2012,2033
7880,1910,1910,2013,2034
7884,1911,1911,2014,2035
7888,2017,2017,2032,2036
7892,2018,2018,2035,2039
7896,2019,2019,2036,2041
7900,2039,2039,2039,2042
7904,2040,2040,2040,2052
7908,2041,2041,2041,1751
7912,2042,2042,2042,1752
7916,2045,2045,2056,1753
7920,2047,2047,1751,1790
7924,2048,2048,1752,1791
7928,2058,2058,1753,1792
7932,1757,1757,1790,1906
7936,1758,1758,1791,1907
7940,1759,1759,1792,1908
7944,1796,1796,1907,2014
7948,1797,1797,1908,2015
7952,1798,1798,1909,2017
7956,1912,1912,2015,2048
7960,1913,1913,2017,2053
7964,1914,1914,2020,2056
7968,2020,2020,2053,2057
7972,2021,2021,2057,2058
7976,2023,2023,2058,2059
7980,2054,2054,2059,2060
7984,2059,2059,2060,2063
7988,2062,2062,2063,2064
7992,2063,2063,2064,2066
7996,2064,2064,2066,2069
8000,2065,2065,2069,2071
8004,2066,2066,2071,1754
8008,2069,2069,1754,1755
8012,2070,2070,1755,1756
8016,2072,2072,1756,1793
8020,2075,2075,1793,1794
8024,2077,2077,1794,1795
8028,1760,1760,1795,1909
8032,1761,1761,1910,1910
8036,1762,1762,1911,1911
8040,1799,1799,1912,2020
8044,1800,1800,2024,2023
8048,1801,1801,2025,2025
8052,1915,1915,2029,1757
8056,1916,1916,1757,1758
8060,1917,1917,1758,1759
8064,2026,2026,1759,1796
8068,2029,2029,1796,1797
8072,2031,2031,1797,1798
8076,1763,1763,1798,1912
8080,1764,1764,1913,1913
8084,1765,1765,1915,1914
8088,1802,1802,1916,2029
8092,1803,1803,2031,2030
8096,1804,1804,2033,2031
8100,1918,1918,2034,1760
8104,1919,1919,1760,1761
8108,1920,1920,1761,1762
8112,2035,2035,1762,1799
8116,2036,2036,1799,1800
8120,2037,2037,1800,1801
8124,1766,1766,1801,1915
8128,1767,1767,1917,1916
8132,1768,1768,1918,1917
8136,1805,1805,1919,2032
8140,1806,1806,2037,2037
8144,1807,1807,2043,2040
8148,1921,1921,2044,1763
8152,1922,1922,1763,1764
8156,1923,1923,1764,1765
8160,2038,2038,1765,1802
8164,2043,2043,1802,1803
8168,2046,2046,1803,1804
8172,1769,1769,1804,1919
8176,1770,1770,1920,1920
8180,1771,1771,1921,1921
8184,1808,1808,1922,2043
8188,1809,1809,2046,2044
8192,1810,1810,1766,1766
8196,1925,1925,1767,1767
8200,1926,1926,1768,1768
8204,1927,1927,1805,1805
8208,2049,2049,1806,1806
8212,2050,2050,1807,1807
8216,1772,1772,1923,1922
8220,1773,1773,1924,1923
8224,1774,1774,1925,1924
8228,1811,1811,1769,1769
8232,1812,1812,1770,1770
8236,1813,1813,1771,1771
8240,1928,1928,1808,1808
8244,1929,1929,1809,1809
8248,1930,1930,1810,1810
8252,1775,1775,1926,1925
8256,1776,1776,1927,1926
8260,1777,1777,1929,1927
8264,1814,1814,1772,1772
8268,1815,1815,1773,1773
8272,1816,1816,1774,1774
8276,1931,1931,1811,1811
8280,1932,1932,1812,1812
8284,1933,1933,1813,1813
8288,1778,1778,1930,1929
8292,1779,1779,1931,1930
8296,1780,1780,1933,1931
8300,1817,1817,1775,1775
8304,1818,1818,1776,1776
8308,1819,1819,1777,1777
8312,1935,1935,1814,1814
8316,1936,1936,1815,1815
8320,1937,1937,1816,1816
8324,1781,1781,1934,1933
8328,1782,1782,1935,1934
8332,1783,1783,1936,1935
8336,1820,1820,1778,1778
8340,1821,1821,1779,1779
8344,1822,1822,1780,1817
8348,1939,1939,1817,1818
8352,1940,1940,1818,1819
8356,1941,1941,1819,1820
8360,1784,1784,1937,1821
8364,1785,1785,1938,1936
8368,1823,1823,1939,1937
8372,1824,1824,1820,1938
8376,1825,1825,1821,1822
8380,1826,1826,1822,1823
8384,1827,1827,1823,1824
8388,1942,1942,1824,1825
8392,1943,1943,1825,1826
8396,1944,1944,1826,1827
8400,1828,1828,1827,1828
8404,1829,1829,1828,1829
8408,1830,1830,1940,1830
8412,1831,1831,1941,1939
8416,1832,1832,1942,1940
8420,1833,1833,1829,1941
8424,1834,1834,1830,1831
8428,1835,1835,1831,1832
8432,1836,1836,1832,1833
8436,1945,1945,1833,1834
8440,1946,1946,1834,1835
8444,1947,1947,1835,1836
8448,1837,1837,1836,1837
8452,1838,1838,1837,1838
8456,1839,1839,1943,1839
8460,1840,1840,1944,1942
8464,1841,1841,1945,1943
8468,1842,1842,1838,1944
8472,1843,1843,1839,1840
8476,1844,1844,1840,1841
8480,1845,1845,1841,1842
8484,1948,1948,1842,1843
8488,1949,1949,1843,1844
8492,1950,1950,1844,1845
8496,1846,1846,1845,1846
8500,1847,1847,1846,1847
8504,1848,1848,1946,1848
8508,1849,1849,1947,1945
8512,1850,1850,1948,1946
8516,1851,1851,1847,1947
8520,1852,1852,1848,1849
8524,1853,1853,1849,1850
8528,1854,1854,1850,1851
8532,1951,1951,1851,1852
8536,1952,1952,1852,1853
8540,1953,1953,1853,1854
8544,1855,1855,1854,1855
8548,1856,1856,1855,1856
8552,1857,1857,1949,1857
8556,1858,1858,1950,1948
8560,1859,1859,1951,1949
8564,1860,1860,1856,1950
8568,1861,1861,1857,1858
8572,1862,1862,1858,1859
8576,1863,1863,1859,1860
8580,1954,1954,1860,1861
8584,1955,1955,1861,1862
8588,1956,1956,1862,1863
8592,1864,1864,1863,1864
8596,1865,1865,1864,1865
8600,1866,1866,1952,1866
8604,1867,1867,1953,1951
8608,1868,1868,1954,1952
8612,1869,1869,1865,1953
8616,1870,1870,1866,1867
8620,1871,1871,1867,1868
8624,1872,1872,1868,1869
8628,1957,1957,1869,1870
8632,1958,1958,1870,1871
8636,1959,1959,1871,1872
8640,1873,1873,1872,1873
8644,1874,1874,1873,1874
8648,1875,1875,1955,1875
8652,1876,1876,1956,1954
8656,1877,1877,1957,1955
8660,1878,1878,1874,1956
8664,1879,1879,1875,1876
8668,1880,1880,1876,1877
8672,1881,1881,1877,1878
8676,1960,1960,1878,1879
8680,1961,1961,1879,1880
8684,1962,1962,1880,1881
8688,1882,1882,1881,1882
8692,1883,1883,1882,1883
8696,1884,1884,1958,1884
8700,1885,1885,1959,1957
8704,1886,1886,1961,1958
8708,1887,1887,1883,1959
8712,1888,1888,1884,1885
8716,1889,1889,1885,1886
8720,1890,1890,1886,1887
8724,1963,1963,1887,1888
8728,1964,1964,1888,1889
8732,1965,1965,1889,1890
8736,1891,1891,1890,1891
8740,1892,1892,1891,1892
8744,1893,1893,1962,1893
8748,1894,1894,1963,1961
8752,1895,1895,1964,1962
8756,1896,1896,1892,1963
8760,1897,1897,1893,1894
8764,1898,1898,1894,1895
8768,1899,1899,1895,1896
8772,1967,1967,1896,1897
8776,1968,1968,1897,1918
8780,1969,1969,1914,1932
8784,1900,1900,1932,1960
8788,1901,1901,1960,1964
8792,1902,1902,1965,1965
8796,1903,1903,1966,1966
8800,1924,1924,1967,1967
8804,1938,1938,1968,1968
8808,1966,1966,1969,1970
8812,1970,1970,1970,1971
8816,1971,1971,1971,1969
8820,1972,1972,1972,1972
8824,1973,1973,1973,1973
8828,1974,1974,1974,1974
8832,1976,1976,1975,1975
8836,1977,1977,1976,1976
8840,1975,1975,1977,1977
8844,1978,1978,1978,1978
8848,1979,1979,1979,1979
8852,1980,1980,1980,1980
8856,1981,1981,1981,1981
8860,1982,1982,1982,1982
8864,1983,1983,1983,1983
8868,1984,1984,1984,1984
8872,1985,1985,1985,1985
8876,1986,1986,1986,1986
8880,1987,1987,1987,1987
8884,1988,1988,1988,1988
8888,1989,1989,1989,1989
8892,1990,1990,1990,1990
8896,1991,1991,1991,1991
8900,1992,1992,1993,1993
8904,1993,1993,2001,2001
8908,1994,1994,2003,2003
8912,1995,1995,2004,2004
8916,1996,1996,2005,2005
8920,1997,1997,2007,2007
8924,1999,1999,2009,2009
8928,2007,2007,2021,2021
8932,2009,2009,2022,2022
8936,2010,2010,2026,2026
8940,2011,2011,2027,2027
8944,2013,2013,2028,2028
8948,2015,2015,2038,2038
8952,2027,2027,2045,2045
8956,2028,2028,2047,2047
8960,2032,2032,2049,2049
8964,2033,2033,2050,2050
8968,2034,2034,2051,2051
8972,2044,2044,2054,2054
8976,2051,2051,2055,2055
8980,2053,2053,2061,2061
8984,2055,2055,2062,2062
8988,2056,2056,2065,2065
8992,2057,2057,2067,2067
8996,2060,2060,2068,2068
9000,2061,2061,9108,9108
9004,2067,2067,9188,9176
9008,2068,2068,9268,9256
9012,2071,2071,9348,9336
9016,2073,2073,9428,9416
9020,2074,2074,9508,9496
9024,9132,9132,9588,9576
9028,9200,9200,9640,9640
9032,9280,9280,9676,9676
9036,9360,9360,9712,9712
9040,9440,9440,9748,9748
9044,9520,9520,9784,9784
9048,9600,9600,9820,9820
9052,9664,9664,9856,9856
9056,9700,9700,9892,9892
9060,9736,9736,9928,9928
9064,9772,9772,9964,9964
9068,9808,9808,10008,10012
9072,9844,9844,10056,10060
9076,9880,9880,10104,10108
9080,9916,9916,10152,10156
9084,9952,9952,10200,10204
9088,9988,9988,10248,10252
9092,10036,10036,10296,10300
9096,10084,10084,10368,10380
9100,10132,10132,10452,10464
9104,10180,10180,10524,10532
9108,10228,10228,2074,2074
9112,10276,10276,2075,2075
9116,10324,10324,2076,2076
9120,10404,10404,2123,2122
9124,10488,10488,2124,2123
9128,10556,10556,2125,2124
9132,2080,2080,2145,2125
9136,2081,2081,2234,2145
9140,2082,2082,2250,2250
9144,2128,2128,2332,2338
9148,2129,2129,2335,2340
9152,2130,2130,2336,2343
9156,2131,2131,2337,2344
9160,2151,2151,2338,2346
9164,2256,2256,2339,2347
9168,2344,2344,2340,2430
9172,2346,2346,2349,2431
9176,2349,2349,2417,2077
9180,2350,2350,2430,2078
9184,2352,2352,2431,2079
9188,2353,2353,2077,2126
9192,2436,2436,2078,2127
9196,2437,2437,2079,2128
9200,2083,2083,2126,2234
9204,2084,2084,2127,2235
9208,2085,2085,2128,2236
9212,2132,2132,2235,2348
9216,2133,2133,2236,2349
9220,2134,2134,2237,2351
9224,2240,2240,2343,2352
9228,2241,2241,2345,2353
9232,2242,2242,2346,2357
9236,2354,2354,2347,2358
9240,2355,2355,2348,2359
9244,2357,2357,2351,2361
9248,2358,2358,2352,2371
9252,2359,2359,2353,2422
9256,2363,2363,2361,2080
9260,2364,2364,2373,2081
9264,2365,2365,2420,2082
9268,2367,2367,2080,2129
9272,2377,2377,2081,2130
9276,2428,2428,2082,2131
9280,2086,2086,2129,2237
9284,2087,2087,2130,2238
9288,2088,2088,2131,2239
9292,2135,2135,2238,2362
9296,2136,2136,2239,2363
9300,2137,2137,2240,2364
9304,2243,2243,2357,2367
9308,2244,2244,2358,2369
9312,2245,2245,2359,2372
9316,2368,2368,2362,2373
9320,2369,2369,2363,2382
9324,2370,2370,2364,2383
9328,2373,2373,2367,2385
9332,2375,2375,2375,2424
9336,2378,2378,2378,2083
9340,2379,2379,2381,2084
9344,2388,2388,2426,2085
9348,2389,2389,2083,2132
9352,2391,2391,2084,2133
9356,2430,2430,2085,2134
9360,2089,2089,2132,2240
9364,2090,2090,2133,2241
9368,2091,2091,2134,2242
9372,2138,2138,2241,2374
9376,2139,2139,2242,2375
9380,2140,2140,2243,2377
9384,2246,2246,2369,2378
9388,2247,2247,2371,2380
9392,2248,2248,2374,2381
9396,2380,2380,2377,2386
9400,2381,2381,2382,2387
9404,2383,2383,2383,2389
9408,2384,2384,2385,2395
9412,2386,2386,2386,2426
9416,2387,2387,2387,2086
9420,2392,2392,2388,2087
9424,2393,2393,2427,2088
9428,2395,2395,2086,2135
9432,2401,2401,2087,2136
9436,2432,2432,2088,2137
9440,2092,2092,2135,2243
9444,2093,2093,2136,2244
9448,2094,2094,2137,2245
9452,2141,2141,2244,2388
9456,2142,2142,2245,2390
9460,2143,2143,2246,2391
9464,2249,2249,2389,2392
9468,2250,2250,2390,2393
9472,2251,2251,2391,2394
9476,2394,2394,2392,2398
9480,2396,2396,2393,2401
9484,2397,2397,2394,2402
9488,2398,2398,2399,2407
9492,2399,2399,2400,2427
9496,2400,2400,2401,2089
9500,2404,2404,2404,2090
9504,2407,2407,2428,2091
9508,2408,2408,2089,2138
9512,2413,2413,2090,2139
9516,2433,2433,2091,2140
9520,2095,2095,2138,2246
9524,2096,2096,2139,2247
9528,2097,2097,2140,2248
9532,2144,2144,2247,2399
9536,2145,2145,2248,2400
9540,2146,2146,2249,2403
9544,2252,2252,2402,2404
9548,2253,2253,2403,2406
9552,2254,2254,2405,2409
9556,2405,2405,2406,2410
9560,2406,2406,2407,2411
9564,2409,2409,2409,2414
9568,2410,2410,2410,2417
9572,2412,2412,2411,2428
9576,2415,2415,2414,2092
9580,2416,2416,2424,2093
9584,2417,2417,2429,2094
9588,2420,2420,2092,2141
9592,2423,2423,2093,2142
9596,2434,2434,2094,2143
9600,2098,2098,2141,2249
9604,2099,2099,2142,2251
9608,2100,2100,2143,2252
9612,2147,2147,2251,2412
9616,2148,2148,2252,2415
9620,2149,2149,2253,2416
9624,2255,2255,2412,2419
9628,2257,2257,2416,2420
9632,2258,2258,2419,2425
9636,2418,2418,2425,2429
9640,2421,2421,2095,2095
9644,2422,2422,2096,2096
9648,2425,2425,2097,2097
9652,2426,2426,2144,2144
9656,2431,2431,2146,2146
9660,2435,2435,2147,2147
9664,2101,2101,2255,2253
9668,2102,2102,2256,2255
9672,2103,2103,2257,2256
9676,2150,2150,2098,2098
9680,2152,2152,2099,2099
9684,2153,2153,2100,2100
9688,2259,2259,2148,2148
9692,2261,2261,2149,2149
9696,2262,2262,2150,2150
9700,2104,2104,2258,2257
9704,2105,2105,2259,2258
9708,2106,2106,2260,2259
9712,2154,2154,2101,2101
9716,2155,2155,2102,2102
9720,2156,2156,2103,2103
9724,2263,2263,2151,2151
9728,2264,2264,2152,2152
9732,2265,2265,2153,2153
9736,2107,2107,2261,2260
9740,2108,2108,2262,2261
9744,2109,2109,2263,2262
9748,2157,2157,2104,2104
9752,2158,2158,2105,2105
9756,2159,2159,2106,2106
9760,2266,2266,2154,2154
9764,2267,2267,2155,2155
9768,2268,2268,2156,2156
9772,2110,2110,2264,2263
9776,2111,2111,2265,2264
9780,2112,2112,2266,2265
9784,2160,2160,2107,2107
9788,2161,2161,2108,2108
9792,2162,2162,2109,2109
9796,2269,2269,2157,2157
9800,2270,2270,2158,2158
9804,2271,2271,2159,2159
9808,2113,2113,2267,2266
9812,2114,2114,2268,2267
9816,2115,2115,2269,2268
9820,2163,2163,2110,2110
9824,2164,2164,2111,2111
9828,2165,2165,2112,2112
9832,2272,2272,2160,2160
9836,2273,2273,2161,2161
9840,2274,2274,2162,2162
9844,2116,2116,2270,2269
9848,2117,2117,2271,2270
9852,2118,2118,2272,2271
9856,2166,2166,2113,2113
9860,2167,2167,2114,2114
9864,2168,2168,2115,2115
9868,2275,2275,2163,2163
9872,2276,2276,2164,2164
9876,2277,2277,2165,2165
9880,2119,2119,2273,2272
9884,2120,2120,2274,2273
9888,2121,2121,2275,2274
9892,2169,2169,2116,2116
9896,2170,2170,2117,2117
9900,2171,2171,2118,2118
9904,2278,2278,2166,2166
9908,2279,2279,2167,2167
9912,2280,2280,2168,2168
9916,2122,2122,2276,2275
9920,2123,2123,2277,2276
9924,2124,2124,2278,2277
9928,2172,2172,2119,2119
9932,2173,2173,2120,2120
9936,2174,2174,2121,2121
9940,2281,2281,2169,2169
9944,2282,2282,2170,2170
9948,2283,2283,2171,2171
9952,2125,2125,2279,2278
9956,2126,2126,2280,2279
9960,2127,2127,2281,2280
9964,2175,2175,2122,2172
9968,2176,2176,2172,2173
9972,2177,2177,2173,2174
9976,2284,2284,2174,2175
9980,2285,2285,2175,2176
9984,2286,2286,2176,2177
9988,2178,2178,2177,2178
9992,2179,2179,2178,2179
9996,2180,2180,2282,2180
10000,2181,2181,2283,2281
10004,2182,2182,2284,2282
10008,2183,2183,2179,2283
10012,2184,2184,2180,2181
10016,2185,2185,2181,2182
10020,2186,2186,2182,2183
10024,2287,2287,2183,2184
10028,2288,2288,2184,2185
10032,2289,2289,2185,2186
10036,2187,2187,2186,2187
10040,2188,2188,2187,2188
10044,2189,2189,2285,2189
10048,2190,2190,2286,2284
10052,2191,2191,2287,2285
10056,2192,2192,2188,2286
10060,2193,2193,2189,2190
10064,2194,2194,2190,2191
10068,2195,2195,2191,2192
10072,2290,2290,2192,2193
10076,2291,2291,2193,2194
10080,2292,2292,2194,2195
10084,2196,2196,2195,2196
10088,2197,2197,2196,2197
10092,2198,2198,2288,2198
10096,2199,2199,2289,2287
10100,2200,2200,2290,2288
10104,2201,2201,2197,2289
10108,2202,2202,2198,2199
10112,2203,2203,2199,2200
10116,2204,2204,2200,2201
10120,2293,2293,2201,2202
10124,2294,2294,2202,2203
10128,2295,2295,2203,2204
10132,2205,2205,2204,2205
10136,2206,2206,2205,2206
10140,2207,2207,2291,2207
10144,2208,2208,2292,2290
10148,2209,2209,2293,2291
10152,2210,2210,2206,2292
10156,2211,2211,2207,2208
10160,2212,2212,2208,2209
10164,2213,2213,2209,2210
10168,2296,2296,2210,2211
10172,2297,2297,2211,2212
10176,2298,2298,2212,2213
10180,2214,2214,2213,2214
10184,2215,2215,2214,2215
10188,2216,2216,2294,2216
10192,2217,2217,2295,2293
10196,2218,2218,2296,2294
10200,2219,2219,2215,2295
10204,2220,2220,2216,2217
10208,2221,2221,2217,2218
10212,2222,2222,2218,2219
10216,2299,2299,2219,2220
10220,2300,2300,2220,2221
10224,2301,2301,2221,2222
10228,2223,2223,2222,2223
10232,2224,2224,2223,2224
10236,2225,2225,2297,2225
10240,2226,2226,2298,2296
10244,2227,2227,2299,2297
10248,2228,2228,2224,2298
10252,2229,2229,2225,2226
10256,2230,2230,2226,2227
10260,2231,2231,2227,2228
10264,2302,2302,2228,2229
10268,2303,2303,2229,2230
10272,2304,2304,2230,2231
10276,2232,2232,2231,2232
10280,2233,2233,2232,2233
10284,2234,2234,2300,2254
10288,2235,2235,2301,2299
10292,2236,2236,2302,2300
10296,2237,2237,2233,2301
10300,2238,2238,2254,2302
10304,2239,2239,2303,2303
10308,2260,2260,2304,2304
10312,2305,2305,2305,2305
10316,2306,2306,2306,2306
10320,2307,2307,2307,2307
10324,2308,2308,2308,2308
10328,2309,2309,2309,2309
10332,2310,2310,2310,2310
10336,2311,2311,2311,2311
10340,2312,2312,2312,2312
10344,2313,2313,2313,2313
10348,2314,2314,2314,2314
10352,2315,2315,2315,2315
10356,2316,2316,2316,2316
10360,2317,2317,2317,2317
10364,2318,2318,2318,2318
10368,2319,2319,2319,2319
10372,2320,2320,2320,2320
10376,2321,2321,2321,2321
10380,2322,2322,2322,2322
10384,2323,2323,2323,2323
10388,2324,2324,2324,2324
10392,2325,2325,2325,2325
10396,2326,2326,2326,2326
10400,2327,2327,2327,2327
10404,2328,2328,2328,2328
10408,2329,2329,2329,2329
10412,2330,2330,2330,2330
10416,2331,2331,2331,2331
10420,2332,2332,2333,2332
10424,2333,2333,2334,2333
10428,2334,2334,2341,2334
10432,2335,2335,2342,2335
10436,2336,2336,2344,2336
10440,2337,2337,2350,2337
10444,2338,2338,2356,2339
10448,2339,2339,2360,2341
10452,2340,2340,2354,2342
10456,2341,2341,2355,2345
10460,2342,2342,2365,2350
10464,2343,2343,2366,2354
10468,2345,2345,2368,2355
10472,2347,2347,2370,2356
10476,2348,2348,2372,2360
10480,2351,2351,2376,2365
10484,2356,2356,2379,2366
10488,2360,2360,2380,2368
10492,2361,2361,2384,2370
10496,2362,2362,2395,2376
10500,2366,2366,2396,2379
10504,2371,2371,2397,2384
10508,2372,2372,2398,2396
10512,2374,2374,2413,2397
10516,2376,2376,2415,2405
10520,2382,2382,2418,2408
10524,2385,2385,2408,2413
10528,2390,2390,2421,2418
10532,2402,2402,2422,2421
10536,2403,2403,2423,2423
10540,2411,2411,10620,10620
10544,2414,2414,10704,10704
10548,2419,2419,10784,10784
10552,2424,2424,10864,10864
10556,2427,2427,10948,10948
10560,2429,2429,10984,10984
10564,10644,10644,11020,11020
10568,10728,10728,11056,11056
10572,10808,10808,11092,11092
10576,10888,10888,11128,11128
10580,10972,10972,11164,11164
10584,11008,11008,11204,11204
10588,11044,11044,11252,11252
10592,11080,11080,11300,11300
10596,11116,11116,11348,11348
10600,11152,11152,11396,11396
10604,11188,11188,11444,11444
10608,11228,11228,11492,11492
10612,11276,11276,11544,11544
10616,11324,11324,11628,11628
10620,11372,11372,2432,2432
10624,11420,11420,2433,2433
10628,11468,11468,2434,2434
10632,11516,11516,2464,2464
10636,11568,11568,2465,2465
10640,11652,11652,2466,2466
10644,2438,2438,2555,2555
10648,2439,2439,2557,2557
10652,2440,2440,2559,2559
10656,2470,2470,2591,2591
10660,2471,2471,2625,2625
10664,2472,2472,2628,2628
10668,2561,2561,2629,2629
10672,2563,2563,2632,2632
10676,2565,2565,2635,2635
10680,2597,2597,2636,2636
10684,2631,2631,2637,2637
10688,2634,2634,2639,2639
10692,2635,2635,2681,2681
10696,2638,2638,2691,2691
10700,2641,2641,2692,2692
10704,2642,2642,2435,2435
10708,2643,2643,2436,2436
10712,2645,2645,2437,2437
10716,2687,2687,2467,2467
10720,2697,2697,2468,2468
10724,2698,2698,2469,2469
10728,2441,2441,2560,2560
10732,2442,2442,2561,2561
10736,2443,2443,2562,2562
10740,2473,2473,2626,2626
10744,2474,2474,2627,2627
10748,2475,2475,2640,2640
10752,2566,2566,2641,2641
10756,2567,2567,2642,2642
10760,2568,2568,2644,2644
10764,2632,2632,2645,2645
10768,2633,2633,2646,2646
10772,2646,2646,2648,2648
10776,2647,2647,2654,2654
10780,2648,2648,2682,2682
10784,2650,2650,2438,2438
10788,2651,2651,2439,2439
10792,2652,2652,2440,2440
10796,2654,2654,2470,2470
10800,2660,2660,2471,2471
10804,2688,2688,2472,2472
10808,2444,2444,2563,2563
10812,2445,2445,2564,2564
10816,2446,2446,2565,2565
10820,2476,2476,2649,2649
10824,2477,2477,2651,2651
10828,2478,2478,2652,2652
10832,2569,2569,2655,2655
10836,2570,2570,2659,2659
10840,2571,2571,2660,2660
10844,2655,2655,2661,2661
10848,2657,2657,2662,2662
10852,2658,2658,2667,2667
10856,2661,2661,2673,2673
10860,2665,2665,2684,2684
10864,2666,2666,2441,2441
10868,2667,2667,2442,2442
10872,2668,2668,2443,2443
10876,2673,2673,2473,2473
10880,2679,2679,2474,2474
10884,2690,2690,2475,2475
10888,2447,2447,2566,2566
10892,2448,2448,2567,2567
10896,2449,2449,2568,2568
10900,2479,2479,2668,2668
10904,2480,2480,2670,2670
10908,2481,2481,2672,2672
10912,2572,2572,2674,2674
10916,2573,2573,2675,2675
10920,2574,2574,2676,2676
10924,2674,2674,2678,2678
10928,2676,2676,2679,2679
10932,2678,2678,2685,2685
10936,2680,2680,2687,2687
10940,2681,2681,2688,2688
10944,2682,2682,2690,2690
10948,2684,2684,2444,2444
10952,2685,2685,2445,2445
10956,2691,2691,2446,2446
10960,2693,2693,2476,2476
10964,2694,2694,2477,2477
10968,2696,2696,2478,2478
10972,2450,2450,2569,2569
10976,2451,2451,2570,2570
10980,2452,2452,2571,2571
10984,2482,2482,2447,2447
10988,2483,2483,2448,2448
10992,2484,2484,2449,2449
10996,2575,2575,2479,2479
11000,2576,2576,2480,2480
11004,2577,2577,2481,2481
11008,2453,2453,2572,2572
11012,2454,2454,2573,2573
11016,2455,2455,2574,2574
11020,2485,2485,2450,2450
11024,2486,2486,2451,2451
11028,2487,2487,2452,2452
11032,2578,2578,2482,2482
11036,2579,2579,2483,2483
11040,2580,2580,2484,2484
11044,2456,2456,2575,2575
11048,2457,2457,2576,2576
11052,2458,2458,2577,2577
11056,2488,2488,2453,2453
11060,2489,2489,2454,2454
11064,2490,2490,2455,2455
11068,2581,2581,2485,2485
11072,2582,2582,2486,2486
11076,2583,2583,2487,2487
11080,2459,2459,2578,2578
11084,2460,2460,2580,2580
11088,2461,2461,2581,2581
11092,2491,2491,2456,2456
11096,2492,2492,2457,2457
11100,2493,2493,2458,2458
11104,2584,2584,2488,2488
11108,2586,2586,2489,2489
11112,2587,2587,2490,2490
11116,2462,2462,2582,2582
11120,2463,2463,2583,2583
11124,2464,2464,2584,2584
11128,2494,2494,2459,2459
11132,2495,2495,2460,2460
11136,2496,2496,2461,2461
11140,2588,2588,2491,2491
11144,2589,2589,2492,2492
11148,2590,2590,2493,2493
11152,2465,2465,2585,2585
11156,2466,2466,2586,2586
11160,2467,2467,2587,2587
11164,2497,2497,2462,2462
11168,2498,2498,2463,2463
11172,2499,2499,2494,2494
11176,2591,2591,2495,2495
11180,2592,2592,2496,2496
11184,2593,2593,2497,2497
11188,2468,2468,2498,2498
11192,2469,2469,2588,2588
11196,2500,2500,2589,2589
11200,2501,2501,2590,2590
11204,2502,2502,2499,2499
11208,2503,2503,2500,2500
11212,2504,2504,2501,2501
11216,2594,2594,2502,2502
11220,2595,2595,2503,2503
11224,2596,2596,2504,2504
11228,2505,2505,2505,2505
11232,2506,2506,2506,2506
11236,2507,2507,2507,2507
11240,2508,2508,2593,2593
11244,2509,2509,2594,2594
11248,2510,2510,2595,2595
11252,2511,2511,2508,2508
11256,2512,2512,2509,2509
11260,2513,2513,2510,2510
11264,2599,2599,2511,2511
11268,2600,2600,2512,2512
11272,2601,2601,2513,2513
11276,2514,2514,2514,2514
11280,2515,2515,2515,2515
11284,2516,2516,2516,2516
11288,2517,2517,2596,2596
11292,2518,2518,2597,2597
11296,2519,2519,2598,2598
11300,2520,2520,2517,2517
11304,2521,2521,2518,2518
11308,2522,2522,2519,2519
11312,2602,2602,2520,2520
11316,2603,2603,2521,2521
11320,2604,2604,2522,2522
11324,2523,2523,2523,2523
11328,2524,2524,2524,2524
11332,2525,2525,2525,2525
11336,2526,2526,2599,2599
11340,2527,2527,2600,2600
11344,2528,2528,2601,2601
11348,2529,2529,2526,2526
11352,2530,2530,2527,2527
11356,2531,2531,2528,2528
11360,2605,2605,2529,2529
11364,2606,2606,2530,2530
11368,2607,2607,2531,2531
11372,2532,2532,2532,2532
11376,2533,2533,2533,2533
11380,2534,2534,2534,2534
11384,2535,2535,2602,2602
11388,2536,2536,2604,2604
11392,2537,2537,2605,2605
11396,2538,2538,2535,2535
11400,2539,2539,2536,2536
11404,2540,2540,2537,2537
11408,2608,2608,2538,2538
11412,2610,2610,2539,2539
11416,2611,2611,2540,2540
11420,2541,2541,2541,2541
11424,2542,2542,2542,2542
11428,2543,2543,2543,2543
11432,2544,2544,2606,2606
11436,2545,2545,2607,2607
11440,2546,2546,2608,2608
11444,2547,2547,2544,2544
11448,2548,2548,2545,2545
11452,2549,2549,2546,2546
11456,2612,2612,2547,2547
11460,2613,2613,2548,2548
11464,2614,2614,2549,2549
11468,2550,2550,2550,2550
11472,2551,2551,2551,2551
11476,2552,2552,2552,2552
11480,2553,2553,2609,2609
11484,2554,2554,2610,2610
11488,2555,2555,2611,2611
11492,2556,2556,2553,2553
11496,2557,2557,2554,2554
11500,2558,2558,2556,2556
11504,2615,2615,2558,2558
11508,2616,2616,2579,2579
11512,2617,2617,2592,2592
11516,2559,2559,2603,2603
11520,2560,2560,2612,2612
11524,2562,2562,2613,2613
11528,2564,2564,2614,2614
11532,2585,2585,2615,2615
11536,2598,2598,2616,2616
11540,2609,2609,2617,2617
11544,2618,2618,2618,2618
11548,2619,2619,2619,2619
11552,2620,2620,2620,2620
11556,2621,2621,2621,2621
11560,2622,2622,2622,2622
11564,2623,2623,2623,2623
11568,2624,2624,2624,2624
11572,2625,2625,2630,2630
11576,2626,2626,2631,2631
11580,2627,2627,2633,2633
11584,2628,2628,2634,2634
11588,2629,2629,2638,2638
11592,2630,2630,2643,2643
11596,2636,2636,2647,2647
11600,2637,2637,2650,2650
11604,2639,2639,2653,2653
11608,2640,2640,2656,2656
11612,2644,2644,2657,2657
11616,2649,2649,2658,2658
11620,2653,2653,2663,2663
11624,2656,2656,2664,2664
11628,2659,2659,2665,2665
11632,2662,2662,2666,2666
11636,2663,2663,2669,2669
11640,2664,2664,2671,2671
11644,2669,2669,2677,2677
11648,2670,2670,2680,2680
11652,2671,2671,2683,2683
11656,2672,2672,2686,2686
11660,2675,2675,2689,2689
11664,2677,2677,11756,11760
11668,2683,2683,11828,11832
11672,2686,2686,11888,11892
11676,2689,2689,11948,11952
11680,2692,2692,12008,12012
11684,2695,2695,12052,12056
11688,11784,11784,12084,12088
11692,11856,11856,12116,12120
11696,11916,11916,12148,12152
11700,11976,11976,12180,12184
11704,12036,12036,12216,12216
11708,12080,12080,12252,12252
11712,12112,12112,12288,12288
11716,12144,12144,12324,12324
11720,12176,12176,12360,12360
11724,12208,12208,12396,12396
11728,12240,12240,12432,12432
11732,12276,12276,12468,12468
11736,12312,12312,12504,12504
11740,12348,12348,12552,12544
11744,12384,12384,12600,12592
11748,12420,12420,12648,12640
11752,12456,12456,12720,12696
11756,12492,12492,2693,12772
11760,12528,12528,2702,2693
11764,12568,12568,2738,2703
11768,12616,12616,2739,2739
11772,12664,12664,2740,2740
11776,12720,12720,2818,2741
11780,12796,12796,2819,2819
11784,2699,2699,2820,2820
11788,2709,2709,2897,2821
11792,2745,2745,2898,2893
11796,2746,2746,2900,2896
11800,2747,2747,2904,2898
11804,2825,2825,2905,2899
11808,2826,2826,2906,2901
11812,2827,2827,2907,2904
11816,2899,2899,2937,2905
11820,2902,2902,2948,2940
11824,2904,2904,2949,2948
11828,2905,2905,2694,2949
11832,2907,2907,2703,2694
11836,2910,2910,2741,2704
11840,2911,2911,2742,2742
11844,2946,2946,2743,2743
11848,2954,2954,2821,2744
11852,2955,2955,2822,2822
11856,2700,2700,2823,2823
11860,2710,2710,2908,2824
11864,2748,2748,2911,2907
11868,2749,2749,2912,2908
11872,2750,2750,2913,2909
11876,2828,2828,2915,2913
11880,2829,2829,2918,2914
11884,2830,2830,2920,2915
11888,2913,2913,2695,2917
11892,2914,2914,2704,2695
11896,2915,2915,2744,2705
11900,2919,2919,2745,2745
11904,2920,2920,2746,2746
11908,2921,2921,2824,2747
11912,2923,2923,2825,2825
11916,2701,2701,2826,2826
11920,2711,2711,2922,2827
11924,2751,2751,2925,2921
11928,2752,2752,2927,2923
11932,2753,2753,2930,2924
11936,2831,2831,2931,2926
11940,2832,2832,2932,2929
11944,2833,2833,2933,2933
11948,2927,2927,2696,2934
11952,2929,2929,2705,2696
11956,2930,2930,2747,2706
11960,2932,2932,2748,2748
11964,2935,2935,2749,2749
11968,2939,2939,2827,2750
11972,2940,2940,2828,2828
11976,2702,2702,2829,2829
11980,2712,2712,2935,2830
11984,2754,2754,2938,2935
11988,2755,2755,2939,2936
11992,2756,2756,2940,2937
11996,2834,2834,2941,2938
12000,2835,2835,2942,2939
12004,2836,2836,2944,2941
12008,2941,2941,2697,2943
12012,2942,2942,2706,2697
12016,2943,2943,2750,2707
12020,2944,2944,2751,2751
12024,2945,2945,2752,2752
12028,2947,2947,2830,2753
12032,2949,2949,2831,2831
12036,2703,2703,2832,2832
12040,2713,2713,2945,2833
12044,2757,2757,2946,2945
12048,2758,2758,2947,2946
12052,2759,2759,2698,2947
12056,2837,2837,2707,2698
12060,2838,2838,2753,2708
12064,2839,2839,2754,2754
12068,2951,2951,2755,2755
12072,2952,2952,2833,2756
12076,2953,2953,2834,2834
12080,2704,2704,2835,2835
12084,2714,2714,2699,2836
12088,2760,2760,2708,2699
12092,2761,2761,2756,2709
12096,2762,2762,2757,2757
12100,2840,2840,2758,2758
12104,2841,2841,2836,2759
12108,2842,2842,2837,2837
12112,2705,2705,2839,2838
12116,2715,2715,2700,2840
12120,2763,2763,2709,2700
12124,2764,2764,2759,2710
12128,2765,2765,2760,2760
12132,2843,2843,2761,2761
12136,2844,2844,2840,2762
12140,2846,2846,2841,2841
12144,2706,2706,2842,2842
12148,2716,2716,2701,2843
12152,2766,2766,2710,2701
12156,2767,2767,2762,2711
12160,2768,2768,2763,2763
12164,2847,2847,2764,2764
12168,2848,2848,2843,2765
12172,2849,2849,2844,2844
12176,2707,2707,2845,2845
12180,2717,2717,2711,2846
12184,2769,2769,2712,2702
12188,2770,2770,2713,2712
12192,2771,2771,2765,2766
12196,2850,2850,2766,2767
12200,2851,2851,2767,2768
12204,2852,2852,2846,2847
12208,2708,2708,2847,2848
12212,2718,2718,2848,2849
12216,2772,2772,2714,2713
12220,2773,2773,2715,2714
12224,2774,2774,2716,2715
12228,2853,2853,2768,2769
12232,2854,2854,2769,2770
12236,2855,2855,2770,2771
12240,2719,2719,2849,2850
12244,2720,2720,2850,2851
12248,2721,2721,2852,2853
12252,2775,2775,2717,2716
12256,2776,2776,2718,2717
12260,2777,2777,2719,2718
12264,2856,2856,2771,2772
12268,2857,2857,2772,2773
12272,2859,2859,2773,2774
12276,2722,2722,2853,2854
12280,2723,2723,2854,2855
12284,2724,2724,2855,2856
12288,2778,2778,2720,2719
12292,2779,2779,2721,2720
12296,2780,2780,2722,2721
12300,2860,2860,2774,2775
12304,2861,2861,2775,2776
12308,2862,2862,2776,2777
12312,2725,2725,2856,2857
12316,2726,2726,2857,2858
12320,2727,2727,2859,2860
12324,2781,2781,2723,2722
12328,2782,2782,2724,2723
12332,2783,2783,2725,2724
12336,2863,2863,2777,2778
12340,2864,2864,2778,2779
12344,2866,2866,2779,2780
12348,2728,2728,2860,2861
12352,2729,2729,2861,2862
12356,2730,2730,2862,2863
12360,2784,2784,2726,2725
12364,2785,2785,2727,2726
12368,2786,2786,2728,2727
12372,2867,2867,2780,2781
12376,2868,2868,2781,2782
12380,2869,2869,2782,2783
12384,2731,2731,2863,2864
12388,2732,2732,2864,2865
12392,2733,2733,2865,2866
12396,2787,2787,2729,2728
12400,2788,2788,2730,2729
12404,2789,2789,2731,2730
12408,2870,2870,2783,2784
12412,2871,2871,2784,2785
12416,2872,2872,2785,2786
12420,2734,2734,2866,2867
12424,2735,2735,2867,2868
12428,2736,2736,2869,2870
12432,2790,2790,2732,2731
12436,2791,2791,2733,2732
12440,2792,2792,2734,2733
12444,2873,2873,2786,2787
12448,2874,2874,2787,2788
12452,2876,2876,2788,2789
12456,2737,2737,2870,2871
12460,2738,2738,2871,2872
12464,2739,2739,2872,2873
12468,2793,2793,2735,2734
12472,2794,2794,2736,2735
12476,2795,2795,2737,2736
12480,2877,2877,2789,2790
12484,2878,2878,2790,2791
12488,2879,2879,2791,2792
12492,2740,2740,2873,2874
12496,2741,2741,2874,2875
12500,2742,2742,2875,2876
12504,2796,2796,2792,2737
12508,2797,2797,2793,2738
12512,2798,2798,2794,2793
12516,2880,2880,2795,2794
12520,2881,2881,2796,2795
12524,2882,2882,2797,2796
12528,2743,2743,2798,2797
12532,2744,2744,2799,2877
12536,2799,2799,2800,2878
12540,2800,2800,2876,2879
12544,2801,2801,2877,2798
12548,2802,2802,2878,2799
12552,2803,2803,2801,2800
12556,2883,2883,2802,2801
12560,2884,2884,2803,2802
12564,2885,2885,2804,2803
12568,2804,2804,2805,2804
12572,2805,2805,2806,2805
12576,2806,2806,2807,2806
12580,2807,2807,2808,2880
12584,2808,2808,2809,2881
12588,2809,2809,2879,2882
12592,2810,2810,2880,2807
12596,2811,2811,2881,2808
12600,2812,2812,2810,2809
12604,2886,2886,2811,2810
12608,2887,2887,2812,2811
12612,2888,2888,2813,2812
12616,2813,2813,2814,2813
12620,2814,2814,2815,2814
12624,2815,2815,2816,2815
12628,2816,2816,2817,2883
12632,2817,2817,2838,2884
12636,2818,2818,2882,2885
12640,2819,2819,2883,2816
12644,2820,2820,2884,2817
12648,2821,2821,2851,2818
12652,2889,2889,2858,2839
12656,2890,2890,2868,2852
12660,2891,2891,2885,2859
12664,2822,2822,2886,2869
12668,2823,2823,2887,2886
12672,2824,2824,2888,2887
12676,2845,2845,2889,2888
12680,2858,2858,2890,2889
12684,2865,2865,2891,2890
12688,2875,2875,2892,2891
12692,2892,2892,2893,2892
12696,2893,2893,2894,2894
12700,2894,2894,2895,2895
12704,2895,2895,2896,2897
12708,2896,2896,2899,2900
12712,2897,2897,2901,2902
12716,2898,2898,2902,2903
12720,2900,2900,2903,2906
12724,2901,2901,2909,2910
12728,2903,2903,2910,2911
12732,2906,2906,2914,2912
12736,2908,2908,2916,2916
12740,2909,2909,2917,2918
12744,2912,2912,2919,2919
12748,2916,2916,2921,2920
12752,2917,2917,2923,2922
12756,2918,2918,2924,2925
12760,2922,2922,2926,2927
12764,2924,2924,2928,2928
12768,2925,2925,2929,2930
12772,2926,2926,2934,2931
12776,2928,2928,2936,2932
12780,2931,2931,2943,2942
12784,2933,2933,12892,2944
12788,2934,2934,12964,12896
12792,2936,2936,13040,12968
12796,2937,2937,13100,13044
12800,2938,2938,13160,13104
12804,2948,2948,13220,13164
12808,2950,2950,13280,13224
12812,12920,12920,13320,13284
12816,12992,12992,13352,13324
12820,13068,13068,13384,13356
12824,13128,13128,13416,13388
12828,13188,13188,13452,13420
12832,13248,13248,13488,13456
12836,13308,13308,13524,13492
12840,13348,13348,13560,13528
12844,13380,13380,13596,13564
12848,13412,13412,13632,13600
12852,13444,13444,13668,13636
12856,13480,13480,13704,13672
12860,13516,13516,13740,13708
12864,13552,13552,13776,13744
12868,13588,13588,13816,13780
12872,13624,13624,13864,13820
12876,13660,13660,13908,13868
12880,13696,13696,13964,13912
12884,13732,13732,14036,13968
12888,13768,13768,14104,14040
12892,13804,13804,2950,14108
12896,13844,13844,2960,2950
12900,13892,13892,3001,2960
12904,13936,13936,3002,3001
12908,13992,13992,3003,3002
12912,14064,14064,3034,3003
12916,14132,14132,3089,3034
12920,2956,2956,3171,3089
12924,2966,2966,3173,3171
12928,3007,3007,3175,3173
12932,3008,3008,3176,3175
12936,3009,3009,3177,3176
12940,3040,3040,3178,3177
12944,3095,3095,3179,3178
12948,3177,3177,3180,3179
12952,3179,3179,3182,3180
12956,3181,3181,3183,3182
12960,3182,3182,3252,3183
12964,3183,3183,2951,3252
12968,3184,3184,2961,2951
12972,3185,3185,3004,2961
12976,3186,3186,3005,3004
12980,3188,3188,3007,3005
12984,3189,3189,3090,3007
12988,3258,3258,3091,3090
12992,2957,2957,3092,3091
12996,2967,2967,3184,3092
13000,3010,3010,3185,3184
13004,3011,3011,3186,3185
13008,3013,3013,3187,3186
13012,3096,3096,3188,3187
13016,3097,3097,3189,3188
13020,3098,3098,3190,3189
13024,3190,3190,3209,3190
13028,3191,3191,3239,3209
13032,3192,3192,3251,3239
13036,3193,3193,3253,3251
13040,3194,3194,2952,3253
13044,3195,3195,2962,2952
13048,3196,3196,3008,2962
13052,3215,3215,3009,3008
13056,3245,3245,3010,3009
13060,3257,3257,3093,3010
13064,3259,3259,3094,3093
13068,2958,2958,3095,3094
13072,2968,2968,3193,3095
13076,3014,3014,3194,3193
13080,3015,3015,3195,3194
13084,3016,3016,3196,3195
13088,3099,3099,3197,3196
13092,3100,3100,3200,3197
13096,3101,3101,3201,3200
13100,3199,3199,2953,3201
13104,3200,3200,2963,2953
13108,3201,3201,3011,2963
13112,3202,3202,3012,3011
13116,3203,3203,3013,3012
13120,3206,3206,3096,3013
13124,3207,3207,3097,3096
13128,2959,2959,3098,3097
13132,2969,2969,3203,3098
13136,3017,3017,3205,3203
13140,3018,3018,3206,3205
13144,3019,3019,3207,3206
13148,3102,3102,3208,3207
13152,3103,3103,3210,3208
13156,3104,3104,3212,3210
13160,3209,3209,2954,3212
13164,3211,3211,2964,2954
13168,3212,3212,3014,2964
13172,3213,3213,3015,3014
13176,3214,3214,3016,3015
13180,3216,3216,3099,3016
13184,3218,3218,3100,3099
13188,2960,2960,3101,3100
13192,2970,2970,3213,3101
13196,3020,3020,3215,3213
13200,3021,3021,3221,3215
13204,3022,3022,3223,3221
13208,3105,3105,3225,3223
13212,3106,3106,3227,3225
13216,3107,3107,3230,3227
13220,3219,3219,2955,3230
13224,3221,3221,2965,2955
13228,3227,3227,3017,2965
13232,3229,3229,3018,3017
13236,3231,3231,3019,3018
13240,3233,3233,3102,3019
13244,3236,3236,3103,3102
13248,2961,2961,3104,3103
13252,2971,2971,3232,3104
13256,3023,3023,3233,3232
13260,3024,3024,3234,3233
13264,3025,3025,3235,3234
13268,3108,3108,3236,3235
13272,3109,3109,3240,3236
13276,3110,3110,3245,3240
13280,3238,3238,2956,3245
13284,3239,3239,2966,2956
13288,3240,3240,3020,2966
13292,3241,3241,3021,3020
13296,3242,3242,3022,3021
13300,3246,3246,3105,3022
13304,3251,3251,3106,3105
13308,2962,2962,3107,3106
13312,2972,2972,3247,3107
13316,3026,3026,3250,3247
13320,3027,3027,2957,3250
13324,3028,3028,2967,2957
13328,3111,3111,3023,2967
13332,3112,3112,3024,3023
13336,3113,3113,3025,3024
13340,3253,3253,3108,3025
13344,3256,3256,3109,3108
13348,2963,2963,3110,3109
13352,2973,2973,2958,3110
13356,3029,3029,2968,2958
13360,3030,3030,3026,2968
13364,3031,3031,3027,3026
13368,3114,3114,3028,3027
13372,3115,3115,3111,3028
13376,3116,3116,3112,3111
13380,2964,2964,3113,3112
13384,2974,2974,2959,3113
13388,3032,3032,2969,2959
13392,3033,3033,3029,2969
13396,3034,3034,3030,3029
13400,3117,3117,3031,3030
13404,3118,3118,3114,3031
13408,3119,3119,3115,3114
13412,2965,2965,3116,3115
13416,2975,2975,2970,3116
13420,3035,3035,2971,2970
13424,3036,3036,2972,2971
13428,3037,3037,3032,2972
13432,3120,3120,3033,3032
13436,3121,3121,3035,3033
13440,3122,3122,3117,3035
13444,2976,2976,3118,3117
13448,2977,2977,3119,3118
13452,2978,2978,2973,3119
13456,3038,3038,2974,2973
13460,3039,3039,2975,2974
13464,3041,3041,3036,2975
13468,3123,3123,3037,3036
13472,3124,3124,3038,3037
13476,3125,3125,3120,3038
13480,2979,2979,3121,3120
13484,2980,2980,3122,3121
13488,2981,2981,2976,3122
13492,3042,3042,2977,2976
13496,3043,3043,2978,2977
13500,3044,3044,3039,2978
13504,3126,3126,3040,3039
13508,3127,3127,3041,3040
13512,3128,3128,3123,3041
13516,2982,2982,3124,3123
13520,2983,2983,3125,3124
13524,2984,2984,2979,3125
13528,3045,3045,2980,2979
13532,3046,3046,2981,2980
13536,3047,3047,3042,2981
13540,3129,3129,3043,3042
13544,3130,3130,3044,3043
13548,3131,3131,3126,3044
13552,2985,2985,3127,3126
13556,2986,2986,3128,3127
13560,2987,2987,2982,3128
13564,3048,3048,2983,2982
13568,3049,3049,2984,2983
13572,3050,3050,3045,2984
13576,3132,3132,3046,3045
13580,3133,3133,3047,3046
13584,3134,3134,3129,3047
13588,2988,2988,3130,3129
13592,2989,2989,3131,3130
13596,2990,2990,2985,3131
13600,3051,3051,2986,2985
13604,3052,3052,2987,2986
13608,3053,3053,3048,2987
13612,3135,3135,3049,3048
13616,3136,3136,3050,3049
13620,3137,3137,3132,3050
13624,2991,2991,3134,3132
13628,2992,2992,3135,3134
13632,2993,2993,2988,3135
13636,3054,3054,2989,2988
13640,3055,3055,2990,2989
13644,3056,3056,3051,2990
13648,3138,3138,3052,3051
13652,3140,3140,3053,3052
13656,3141,3141,3136,3053
13660,2994,2994,3138,3136
13664,2995,2995,3139,3138
13668,2996,2996,2991,3139
13672,3057,3057,2992,2991
13676,3058,3058,2993,2992
13680,3059,3059,3054,2993
13684,3142,3142,3055,3054
13688,3144,3144,3056,3055
13692,3145,3145,3140,3056
13696,2997,2997,3141,3140
13700,2998,2998,3142,3141
13704,2999,2999,2994,3142
13708,3060,3060,2995,2994
13712,3061,3061,2996,2995
13716,3062,3062,3057,2996
13720,3146,3146,3058,3057
13724,3147,3147,3059,3058
13728,3148,3148,3143,3059
13732,3000,3000,3144,3143
13736,3001,3001,3145,3144
13740,3002,3002,2997,3145
13744,3063,3063,2998,2997
13748,3064,3064,2999,2998
13752,3065,3065,3060,2999
13756,3149,3149,3061,3060
13760,3150,3150,3062,3061
13764,3151,3151,3146,3062
13768,3003,3003,3147,3146
13772,3004,3004,3148,3147
13776,3005,3005,3000,3148
13780,3066,3066,3006,3000
13784,3067,3067,3063,3006
13788,3068,3068,3064,3063
13792,3152,3152,3065,3064
13796,3153,3153,3066,3065
13800,3154,3154,3067,3066
13804,3006,3006,3149,3067
13808,3012,3012,3150,3149
13812,3069,3069,3151,3150
13816,3070,3070,3068,3151
13820,3071,3071,3069,3068
13824,3072,3072,3070,3069
13828,3073,3073,3071,3070
13832,3155,3155,3072,3071
13836,3156,3156,3073,3072
13840,3157,3157,3074,3073
13844,3074,3074,3075,3074
13848,3075,3075,3076,3075
13852,3076,3076,3152,3076
13856,3077,3077,3153,3152
13860,3078,3078,3155,3153
13864,3079,3079,3077,3155
13868,3080,3080,3078,3077
13872,3081,3081,3079,3078
13876,3082,3082,3080,3079
13880,3158,3158,3081,3080
13884,3159,3159,3082,3081
13888,3161,3161,3083,3082
13892,3083,3083,3084,3083
13896,3084,3084,3156,3084
13900,3085,3085,3157,3156
13904,3086,3086,3158,3157
13908,3087,3087,3085,3158
13912,3088,3088,3086,3085
13916,3089,3089,3087,3086
13920,3090,3090,3088,3087
13924,3162,3162,3133,3088
13928,3163,3163,3137,3133
13932,3164,3164,3154,3137
13936,3091,3091,3159,3154
13940,3092,3092,3160,3159
13944,3093,3093,3161,3160
13948,3094,3094,3162,3161
13952,3139,3139,3163,3162
13956,3143,3143,3164,3163
13960,3160,3160,3165,3164
13964,3165,3165,3166,3165
13968,3166,3166,3167,3166
13972,3167,3167,3168,3167
13976,3168,3168,3169,3168
13980,3169,3169,3170,3169
13984,3170,3170,3172,3170
13988,3171,3171,3174,3172
13992,3172,3172,3181,3174
13996,3173,3173,3191,3181
14000,3174,3174,3192,3191
14004,3175,3175,3198,3192
14008,3176,3176,3199,3198
14012,3178,3178,3202,3199
14016,3180,3180,3204,3202
14020,3187,3187,3211,3204
14024,3197,3197,3216,3211
14028,3198,3198,3217,3216
14032,3204,3204,3218,3217
14036,3205,3205,3214,3218
14040,3208,3208,3219,3214
14044,3210,3210,3220,3219
14048,3217,3217,3222,3220
14052,3222,3222,3224,3222
14056,3223,3223,3226,3224
14060,3224,3224,3228,3226
14064,3220,3220,3229,3228
14068,3225,3225,3231,3229
14072,3226,3226,3237,3231
14076,3228,3228,3238,3237
14080,3230,3230,3241,3238
14084,3232,3232,3242,3241
14088,3234,3234,3243,3242
14092,3235,3235,3244,3243
14096,3237,3237,3246,3244
14100,3243,3243,3249,3246
14104,3244,3244,3248,3249
14108,3247,3247,14188,3248
14112,3248,3248,14248,14192
14116,3249,3249,14308,14252
14120,3250,3250,14368,14312
14124,3252,3252,14428,14372
14128,3255,3255,14488,14432
14132,3254,3254,14536,14492
14136,14216,14216,14572,14540
14140,14276,14276,14608,14576
14144,14336,14336,14644,14612
14148,14396,14396,14680,14648
14152,14456,14456,14716,14684
14156,14516,14516,14752,14720
14160,14564,14564,14788,14756
14164,14600,14600,14824,14792
14168,14636,14636,14860,14828
14172,14672,14672,14896,14864
14176,14708,14708,14932,14900
14180,14744,14744,14968,14936
14184,14780,14780,15012,14976
14188,14816,14816,3254,15020
14192,14852,14852,3260,3254
14196,14888,14888,3302,3260
14200,14924,14924,3303,3301
14204,14960,14960,3304,3302
14208,15000,15000,3364,3303
14212,15044,15044,3365,3364
14216,3260,3260,3366,3365
14220,3266,3266,3412,3366
14224,3307,3307,3413,3411
14228,3308,3308,3415,3412
14232,3309,3309,3417,3414
14236,3370,3370,3418,3415
14240,3371,3371,3419,3416
14244,3372,3372,3420,3417
14248,3417,3417,3255,3418
14252,3418,3418,3261,3255
14256,3420,3420,3305,3261
14260,3421,3421,3306,3304
14264,3422,3422,3307,3305
14268,3423,3423,3367,3306
14272,3424,3424,3368,3368
14276,3261,3261,3369,3369
14280,3267,3267,3421,3370
14284,3310,3310,3422,3419
14288,3311,3311,3423,3420
14292,3312,3312,3424,3421
14296,3374,3374,3426,3422
14300,3375,3375,3432,3424
14304,3376,3376,3433,3425
14308,3425,3425,3256,3426
14312,3426,3426,3262,3256
14316,3427,3427,3308,3262
14320,3428,3428,3309,3307
14324,3430,3430,3310,3308
14328,3431,3431,3370,3309
14332,3432,3432,3371,3371
14336,3262,3262,3372,3372
14340,3268,3268,3435,3373
14344,3313,3313,3436,3431
14348,3314,3314,3437,3433
14352,3315,3315,3438,3434
14356,3377,3377,3439,3435
14360,3378,3378,3440,3438
14364,3379,3379,3441,3440
14368,3437,3437,3257,3441
14372,3439,3439,3263,3257
14376,3440,3440,3311,3263
14380,3441,3441,3312,3310
14384,3444,3444,3313,3311
14388,3446,3446,3373,3312
14392,3447,3447,3374,3374
14396,3263,3263,3375,3375
14400,3269,3269,3443,3376
14404,3316,3316,3445,3443
14408,3317,3317,3446,3444
14412,3318,3318,3447,3445
14416,3380,3380,3448,3446
14420,3381,3381,3450,3447
14424,3382,3382,3451,3448
14428,3449,3449,3258,3449
14432,3450,3450,3264,3258
14436,3451,3451,3314,3264
14440,3452,3452,3315,3313
14444,3453,3453,3316,3314
14448,3454,3454,3376,3315
14452,3455,3455,3377,3377
14456,3264,3264,3378,3378
14460,3270,3270,3455,3379
14464,3319,3319,3456,3454
14468,3320,3320,3457,3455
14472,3321,3321,3458,3456
14476,3383,3383,3459,3458
14480,3384,3384,3461,3459
14484,3385,3385,3462,3460
14488,3460,3460,3259,3462
14492,3461,3461,3265,3259
14496,3462,3462,3317,3265
14500,3464,3464,3318,3316
14504,3465,3465,3319,3317
14508,3466,3466,3379,3318
14512,3468,3468,3380,3380
14516,3265,3265,3381,3381
14520,3271,3271,3463,3382
14524,3322,3322,3464,3463
14528,3323,3323,3465,3464
14532,3324,3324,3466,3465
14536,3386,3386,3266,3466
14540,3387,3387,3267,3266
14544,3388,3388,3268,3267
14548,3469,3469,3320,3268
14552,3470,3470,3321,3319
14556,3471,3471,3322,3320
14560,3472,3472,3382,3321
14564,3272,3272,3383,3383
14568,3273,3273,3384,3384
14572,3274,3274,3269,3385
14576,3325,3325,3270,3269
14580,3326,3326,3271,3270
14584,3327,3327,3323,3271
14588,3389,3389,3324,3322
14592,3390,3390,3325,3323
14596,3391,3391,3385,3324
14600,3275,3275,3386,3386
14604,3276,3276,3387,3387
14608,3277,3277,3272,3388
14612,3328,3328,3273,3272
14616,3329,3329,3274,3273
14620,3330,3330,3326,3274
14624,3392,3392,3327,3325
14628,3393,3393,3328,3326
14632,3394,3394,3388,3327
14636,3278,3278,3389,3389
14640,3279,3279,3392,3390
14644,3280,3280,3275,3392
14648,3331,3331,3276,3275
14652,3332,3332,3277,3276
14656,3333,3333,3329,3277
14660,3395,3395,3330,3328
14664,3396,3396,3331,3329
14668,3398,3398,3393,3330
14672,3281,3281,3394,3393
14676,3282,3282,3396,3395
14680,3283,3283,3278,3396
14684,3334,3334,3279,3278
14688,3335,3335,3280,3279
14692,3336,3336,3332,3280
14696,3399,3399,3333,3331
14700,3401,3401,3334,3332
14704,3402,3402,3397,3333
14708,3284,3284,3398,3397
14712,3285,3285,3399,3398
14716,3286,3286,3281,3399
14720,3337,3337,3282,3281
14724,3338,3338,3283,3282
14728,3339,3339,3335,3283
14732,3403,3403,3336,3334
14736,3404,3404,3337,3335
14740,3405,3405,3400,3336
14744,3287,3287,3401,3400
14748,3288,3288,3402,3401
14752,3289,3289,3284,3402
14756,3340,3340,3285,3284
14760,3341,3341,3286,3285
14764,3342,3342,3338,3286
14768,3406,3406,3339,3337
14772,3407,3407,3340,3338
14776,3408,3408,3403,3339
14780,3290,3290,3404,3403
14784,3291,3291,3405,3404
14788,3292,3292,3287,3405
14792,3343,3343,3288,3287
14796,3344,3344,3289,3288
14800,3345,3345,3341,3289
14804,3409,3409,3342,3340
14808,3410,3410,3343,3341
14812,3411,3411,3406,3342
14816,3293,3293,3407,3407
14820,3294,3294,3410,3408
14824,3295,3295,3290,3410
14828,3346,3346,3291,3290
14832,3347,3347,3292,3291
14836,3348,3348,3344,3292
14840,3413,3413,3345,3343
14844,3414,3414,3346,3344
14848,3416,3416,3411,3345
14852,3296,3296,3414,3413
14856,3297,3297,3416,3423
14860,3298,3298,3293,3427
14864,3349,3349,3294,3293
14868,3350,3350,3295,3294
14872,3351,3351,3347,3295
14876,3419,3419,3348,3346
14880,3429,3429,3349,3347
14884,3433,3433,3425,3348
14888,3299,3299,3427,3428
14892,3300,3300,3428,3429
14896,3301,3301,3296,3432
14900,3352,3352,3297,3296
14904,3353,3353,3298,3297
14908,3354,3354,3350,3298
14912,3434,3434,3351,3349
14916,3435,3435,3352,3350
14920,3438,3438,3429,3351
14924,3302,3302,3431,3436
14928,3303,3303,3434,3437
14932,3304,3304,3299,3439
14936,3355,3355,3300,3299
14940,3356,3356,3301,3300
14944,3357,3357,3353,3352
14948,3442,3442,3354,3353
14952,3443,3443,3355,3354
14956,3445,3445,3442,3355
14960,3305,3305,3444,3356
14964,3306,3306,3453,3442
14968,3358,3358,3356,3450
14972,3359,3359,3357,3451
14976,3360,3360,3358,3357
14980,3361,3361,3359,3358
14984,3362,3362,3360,3359
14988,3448,3448,3361,3360
14992,3456,3456,3362,3361
14996,3457,3457,3363,3362
15000,3363,3363,3390,3363
15004,3364,3364,3454,3367
15008,3365,3365,3460,3391
15012,3366,3366,3391,3453
15016,3367,3367,3395,3457
15020,3368,3368,3408,3394
15024,3369,3369,3409,3406
15028,3373,3373,3430,3409
15032,3397,3397,3449,3430
15036,3459,3459,3452,3452
15040,3463,3463,,3461
15044,3400,3400,,
15048,3412,3412,,
15052,3415,3415,,
15056,3436,3436,,
15060,3458,3458,,
15064,3467,3467,,
