-6400,2102.28,-6650.4,-5917.5,2102.28,-6435,-5917.5,0,-6435,-6400,0,-6650.4,-5917.5,0,-6435,-5917.5,2102.28,-6435,-6400,2102.28,-6650.4,-6400,0,-6650.4,-6541.98,1051.14,-7811.15,-6541.98,1051.14,-7811.15,0.407646,9.46811e-08,-0.91314,-0.407646,-9.46811e-08,0.91314
-6544.01,0,-7315.8,-6544.01,2102.28,-7315.8,-6653.69,2102.28,-6870.35,-6653.69,0,-6870.35,-6653.69,2102.28,-6870.35,-6544.01,2102.28,-7315.8,-6544.01,0,-7315.8,-6653.69,0,-6870.35,-6801.96,1051.14,-8031.16,-6801.96,1051.14,-8031.16,0.970998,2.81059e-07,0.23909,-0.970998,-2.81059e-07,-0.23909
-5885,2102.28,-7950,-6318.66,2102.28,-7550.52,-6318.66,0,-7550.52,-5885,0.00012207,-7950,-6318.66,0,-7550.52,-6318.66,2102.28,-7550.52,-5885,2102.28,-7950,-5885,0.00012207,-7950,-6050.88,1051.14,-7559.8,-6050.88,1051.14,-7559.8,0.677529,0,0.735496,-0.677529,0,-0.735496
-9550.44,2102.28,-7320.44,-10150,2102.28,-6870.4,-10150,0,-6870.4,-9550.44,0,-7320.44,-10150,0,-6870.4,-10150,2102.28,-6870.4,-9550.44,2102.28,-7320.44,-9550.44,0,-7320.44,-9325.48,1051.14,-7111.12,-9325.48,1051.14,-7111.12,0.600319,0,0.799761,-0.600319,0,-0.799761
-8320.97,220,981.79,-8204.6,220,981.79,-8204.6,220,870.567,-8320.97,220,870.567,-8204.6,220,870.567,-8204.6,220,981.79,-8320.97,220,981.79,-8320.97,220,870.567,-8262.79,220,926.178,-8262.79,220,926.178,3.93369e-07,1,-1.37191e-07,-3.93369e-07,-1,1.37191e-07
-5750,2102.28,2100,-6250.38,2102.28,1300.9,-6250.38,220.001,1300.9,-5750,220,2100,-6250.38,220,1300.9,-6250.38,2102.28,1300.9,-5750,2102.28,2100,-5750,220,2100,-5453.98,1051.14,1287.77,-5764.15,1051.14,840.23,-0.847551,-6.88362e-08,0.530714,0.847551,-8.21907e-08,-0.530714
-7200.01,220,2550.04,-7200.01,2102.28,2550.04,-6000,2102.28,2350,-6000,220,2350,-6000,2102.28,2350,-7200.01,2102.28,2550.04,-7200.01,220,2550.04,-6000,220,2350,-6230.59,1051.14,1731.73,-6230.59,1051.14,1731.73,-0.164435,1.27939e-07,-0.986388,0.164435,-1.27939e-07,0.986388
-10323.4,220,686.155,-10323.4,2102.28,686.155,-10951.6,2102.28,2321.44,-10951.6,220,2321.44,-10951.6,2102.28,2321.44,-10323.4,2102.28,686.155,-10323.4,220,686.155,-10951.6,220,2321.44,-8910.87,1051.14,947.032,-8910.87,1051.14,947.032,0.933478,-6.97749e-08,0.358634,-0.933478,6.97749e-08,-0.358634
-9495.56,2102.28,182.999,-10059.3,2102.28,454.269,-10059.3,520.001,454.269,-9495.56,520.001,182.998,-10059.3,520.001,454.269,-10059.3,2102.28,454.269,-9495.56,2102.28,182.999,-9495.56,520.001,182.998,-9777.44,1311.14,318.634,-9777.44,1311.14,318.634,0.433591,-1.39039e-07,0.90111,-0.433591,1.39039e-07,-0.90111
-7231.95,2702.28,4031.54,-5980,2702.28,3850,-5980,220,3850,-7231.95,220,4031.54,-5980,220,3850,-5980,2702.28,3850,-7231.95,2702.28,4031.54,-7231.95,220,4031.54,-6196.7,1461.14,4360.52,-6196.7,1461.14,4360.52,-0.14351,6.53119e-07,-0.989649,0.14351,-6.53119e-07,0.989649
-9468.92,2102.28,-1342.44,-10113.1,2102.28,-1049.04,-10099.3,0,-1056.82,-9455.18,0,-1350.22,-10099.3,0,-1056.82,-10113.1,2102.28,-1049.04,-9468.92,2102.28,-1342.44,-9455.18,0,-1350.22,-9793.09,1311.14,-1140.52,-9793.09,1311.14,-1140.52,0.414508,-0.000656584,0.910045,-0.414508,0.000656584,-0.910045
-15406.3,2702.28,3576.48,-13992.1,2702.28,4990.7,-13992.1,570,4990.69,-15406.3,570,3576.48,-13992.1,570,4990.69,-13992.1,2702.28,4990.7,-15406.3,2702.28,3576.48,-15406.3,570,3576.48,-14699.2,1591.78,4283.59,-14699.2,1636.14,4283.59,0.707107,3.23848e-07,-0.707107,-0.707107,-3.23848e-07,0.707107
-16050,2702.28,2070.08,-15406.3,2702.28,3576.48,-15406.3,1232.09,3576.48,-16050,1232.09,2070.08,-15406.3,1232.09,3576.48,-15406.3,2702.28,3576.48,-16050,2702.28,2070.08,-16050,1232.09,2070.08,-16113.4,1591.78,2869.37,-15728.1,1651.14,2823.28,0.919576,1.00231e-06,-0.392913,-0.919576,-3.91486e-07,0.392913
-13992.1,2702.28,4990.7,-12546.1,2702.28,5765.72,-12546.1,1232.09,5765.72,-13992.1,1232.09,4990.69,-12546.1,1232.09,5765.72,-12546.1,2702.28,5765.72,-13992.1,2702.28,4990.7,-13992.1,1232.09,4990.69,-14055.6,1591.78,5759.99,-13269.1,1651.14,5378.21,0.472391,8.78187e-07,-0.881389,-0.472391,-8.99242e-07,0.881389
-14445.8,1035.92,412.237,-14445.8,2702.28,412.239,-15103.1,2702.28,380.479,-15103.1,1035.92,380.478,-15103.1,2702.28,380.479,-14445.8,2702.28,412.239,-14445.8,1035.92,412.237,-15103.1,1035.92,380.478,-14700,1869.1,400.022,-14700,1869.1,400.022,-0.0482625,-9.69507e-07,0.998835,0.0482625,9.69507e-07,-0.998835
-10826.1,220,5515.74,-10826.1,2702.28,5515.74,-10950,2702.28,4300,-10950,220,4300,-10950,2702.28,4300,-10826.1,2702.28,5515.74,-10826.1,220,5515.74,-10950,220,4300,-12335.6,1591.78,5530,-12335.6,1591.78,5530,-0.994844,-4.51234e-07,0.101418,0.994844,4.51234e-07,-0.101418
-15103.1,1035.92,380.477,-15103.1,2702.28,380.479,-15800,2702.28,350.044,-15800,1035.92,350.043,-15800,2702.28,350.044,-15103.1,2702.28,380.479,-15103.1,1035.92,380.477,-15800,1035.92,350.043,-14700,1869.1,400.022,-14700,1869.1,400.022,-0.0436286,-9.69714e-07,0.999048,0.0436286,9.69714e-07,-0.999048
-13600,1035.92,449.999,-13600,2702.28,450,-14445.8,2702.28,412.239,-14445.8,1035.92,412.238,-14445.8,2702.28,412.239,-13600,2702.28,450,-13600,1035.92,449.999,-14445.8,1035.92,412.238,-14700,1869.1,400.022,-14700,1869.1,400.022,-0.0446023,-9.33081e-07,0.999005,0.0446023,9.33081e-07,-0.999005
-10950,1907.66,4300,-10950,2702.28,4300,-10438,2702.28,4259.14,-10438,1907.66,4259.13,-10438,2702.28,4259.14,-10950,2702.28,4300,-10950,1907.66,4300,-10438,1907.66,4259.13,-12459.5,1591.78,4314.27,-12459.5,1591.78,4314.27,-0.079555,2.3524e-06,-0.99683,0.079555,-2.3524e-06,0.99683
-10576.1,2322.28,5765.7,-9776.11,2322.28,6465.72,-9776.11,220,6465.72,-10576.1,220,5765.7,-9776.11,2702.28,6465.72,-10576.1,2702.28,5765.7,-10576.1,220,5765.7,-9776.11,220,6465.72,-10219.3,1271.14,6067.83,-12085.6,1591.78,5779.97,0.658536,0,-0.752549,-0.658536,-4.44095e-07,0.752549
-10576.1,2322.28,9265.74,-9791.15,2322.28,8865.74,-9791.15,220,8865.74,-10576.1,220,9265.74,-9791.15,220,8865.74,-9791.15,2322.28,8865.74,-10576.1,2322.28,9265.74,-10576.1,220,9265.74,-10194.5,1271.14,8962.18,-10194.5,1271.14,8962.18,-0.454008,0,-0.890998,0.454008,-0,0.890998
-5000,-2.5e-05,-5850,-5000,-2.5e-05,-5450,-4350,-2.5e-05,-5450,-4350,-2.5e-05,-5850,-4350,-2.5e-05,-5450,-5000,-2.5e-05,-5450,-5000,-2.5e-05,-5850,-4350,-2.5e-05,-5850,-4675,-2.5e-05,-5650,-4675,-2.5e-05,-5650,0,1,0,-0,-1,0
-15200,101.801,-2049.96,-15200,2102.28,-2049.96,-13615,2102.28,-1950,-13615,101.801,-1950,-13615,2102.28,-1950,-15200,2102.28,-2049.96,-15200,123.753,-2049.96,-13615,123.753,-1950,-14294.2,1051.14,-2356.91,-14294.2,1051.14,-2356.91,0.062939,9.10747e-08,-0.998017,-0.062939,-9.20852e-08,0.998017
-2586.16,0.00012207,-5186.16,-2586.16,2102.28,-5186.16,-3250,2102.28,-6182.5,-3250,0.000244141,-6182.5,-3250,2102.28,-6185,-2586.16,2102.28,-5186.16,-2586.16,0.00012207,-5186.16,-3250,0.000244141,-6185,-2918.08,1051.14,-5684.33,-2918.08,1051.14,-5684.33,-0.832199,0,0.554477,0.83284,0,-0.553514
-10400,443.965,-5150.4,-10400,2102.28,-5150.4,-11990.1,2102.28,-5149.92,-11990.1,443.965,-5149.92,-11990.1,2102.28,-5149.92,-10400,2102.28,-5150.4,-10400,443.965,-5150.4,-11990.1,443.965,-5149.92,-11195,971.138,-5150.16,-11195,971.138,-5150.16,0.000305237,-1.79751e-10,1,-0.000305237,1.79751e-10,-1
-11065.3,-160,-5080,-11065.3,443.966,-5080,-11602.7,443.966,-5080,-11602.7,-160,-5080,-11602.7,443.966,-5080,-11065.3,443.966,-5080,-11065.3,-160,-5080,-11602.7,-160,-5080,-11327.7,141.983,-5080,-11327.7,141.983,-5080,-9.08582e-07,-8.08457e-07,1,9.08582e-07,8.08457e-07,-1
-1171.95,-32,-3771.95,-1171.95,2102.28,-3771.94,-2586.16,2102.28,-5186.16,-2586.16,-31.9999,-5186.16,-2586.16,2102.28,-5186.16,-1171.95,2102.28,-3771.94,-1171.95,-32,-3771.95,-2586.16,-31.9999,-5186.16,-2254.24,1051.14,-4687.99,-2254.24,1051.14,-4687.99,-0.707107,-1.21329e-07,0.707106,0.707107,1.21329e-07,-0.707106
-950.987,0.00012207,-2287.38,-950.988,2102.28,-2287.38,-1171.95,2102.28,-3771.95,-1171.95,0.00012207,-3771.95,-1171.95,2102.28,-3771.95,-950.988,2102.28,-2287.38,-950.987,0.00012207,-2287.38,-1171.95,0.00012207,-3771.95,-840.026,1051.14,-3273.78,-840.026,1051.14,-3273.78,-0.989104,-4.58129e-08,0.147216,0.989104,4.58129e-08,-0.147216
-1819.98,0.000244141,-2150,-1819.98,2102.28,-2150,-950.986,2102.28,-1912.62,-950.986,0.00012207,-1912.62,-950.986,2102.28,-1912.62,-1819.98,2102.28,-2150,-1819.98,0.00012207,-2150,-950.986,0,-1912.62,-619.066,1051.14,-1414.45,-1385.48,1051.14,-2031.31,0.263516,1.53013e-08,-0.964655,-0.263516,-1.27328e-07,0.964655
-15740,0.00012207,-4900,-15740,2102.28,-4900,-16000,2102.28,-4600,-16000,0.00012207,-4600,-16000,2102.28,-4600,-15740,2102.28,-4900,-15740,0.00012207,-4900,-16000,0.00012207,-4600,-15870,1051.14,-4750,-15870,1051.14,-4750,0.755685,-0,0.654935,-0.755685,0,-0.654935
-16000,-33.9999,-4600,-16000,2102.28,-4600,-16000,2102.28,-2600,-16000,-34,-2600,-16000,2102.28,-2600,-16000,2102.28,-4600,-16000,0.00012207,-4600,-16000,0,-2600,-16000,1051.14,-3600,-16000,1051.14,-3600,1,0,-1.46484e-06,-1,-3.40229e-13,1.46484e-06
-16000,0.000244141,-2600,-16000,2102.28,-2600,-15450,2102.28,-2299.96,-15450,0.000244141,-2299.96,-15450,2102.28,-2299.96,-16000,2102.28,-2600,-16000,0.000244141,-2600,-15450,0.000244141,-2299.96,-15725,1051.14,-2449.98,-15725,1051.14,-2449.98,0.478889,1.01949e-07,-0.877875,-0.478889,-1.01949e-07,0.877875
-5000,-2.5e-05,-2350,-5000,-2.5e-05,-1950,-4350,-2.5e-05,-1950,-4350,-2.5e-05,-2350,-4350,-2.5e-05,-1950,-5000,-2.5e-05,-1950,-5000,-2.5e-05,-2350,-4350,-2.5e-05,-2350,-4675,-2.5e-05,-2150,-4675,-2.5e-05,-2150,0,1,0,-0,-1,0
-6000.38,0.00012207,-1349.1,-6000.38,2102.28,-1349.1,-4200,2102.28,-1900,-4200,0.00012207,-1900,-4200,2102.28,-1900,-6000.38,2102.28,-1349.1,-6000.38,0.00012207,-1349.1,-4200,0.00012207,-1900,-4541.44,1051.14,-1749.55,-4541.44,1051.14,-1749.55,-0.2926,1.11049e-07,-0.956235,0.2926,-1.11049e-07,0.956235
-4200,0.00012207,-1900,-4200,2102.28,-1900,-3800,2102.28,-2150,-3800,0.000244141,-2150,-3800,2102.28,-2150,-4200,2102.28,-1900,-4200,0.00012207,-1900,-3800,0.000244141,-2150,-2856.06,1051.14,-2300.45,-2856.06,1051.14,-2300.45,-0.529994,4.92399e-08,-0.848001,0.529994,-4.92399e-08,0.848001
-15007.7,560.556,252.112,-14891.3,560.556,252.112,-14891.3,560.556,140.89,-15007.7,560.556,140.89,-14891.3,560.556,140.89,-14891.3,560.556,252.112,-15007.7,560.556,252.112,-15007.7,560.556,140.89,-14949.5,560.556,196.501,-14949.5,560.556,196.501,5.24492e-07,1,0,-5.24492e-07,-1,0
-18950,2702.28,-300,-19550,2702.28,99.9598,-19550,600,99.9596,-18950,600,-300,-19550,600,99.9594,-19550,2702.28,99.9596,-18950,2702.28,-300,-18950,600,-300,-19164.8,1651.14,10.6515,-19250,1651.14,-100.02,0.554649,-6.03946e-08,0.832084,-0.554649,6.03945e-08,-0.832084
3950,-0.00012207,-12600,3950,2102.28,-12600,-4000.38,2102.28,-12599.1,-4000.38,0.000488281,-12599.1,-4000.38,2102.28,-12599.1,3950,2102.28,-12600,3950,-0.00012207,-12600,-4000.38,0.000488281,-12599.1,350,1051.14,-12600,350,1051.14,-12600,0.000112883,1.31093e-11,1,-0.000113128,0,-1
-4000.37,2102.28,-12599.1,-4000.38,2102.28,-10599.1,-4000.37,-130,-10599.1,-4000.37,-130,-12599.1,-4000.37,-130,-10599.1,-4000.38,2102.28,-10599.1,-4000.37,2102.28,-12599.1,-4000.37,-130,-12599.1,-4000.38,1051.14,-11149.1,-4000.38,1051.14,-11149.1,1,1.09368e-07,6.10352e-07,-1,-1.09368e-07,-6.10352e-07
-4000.37,2102.28,-10599.1,-3249.92,2102.28,-9685,-3249.92,-100,-9685,-4000.37,-100,-10599.1,-3249.92,-100,-9685,-3249.92,2102.28,-9685,-4000.37,2102.28,-10599.1,-4000.37,-100,-10599.1,-3625.15,1051.14,-10142,-3625.15,1051.14,-10142,0.772895,0,-0.634534,-0.772895,0,0.634534
1898.65,2102.28,-4762.26,2349.05,2102.28,-5700,2349.05,0.000244141,-5700,1898.65,0.000244141,-4762.26,2349.05,2102.28,-5700,1898.65,2102.28,-4762.26,1898.65,0.00012207,-4762.26,2349.05,0,-5700,3700.92,1051.14,-4464.45,1914.56,1051.14,-5818.69,-0.901417,1.00559e-07,-0.432953,0.901417,0,0.432953
-17656.8,-130,-8598.72,-17656.8,2102.28,-8598.72,-16242.6,2102.28,-7184.51,-16242.6,-130,-7184.51,-16242.6,2102.28,-7184.51,-17656.8,2102.28,-8598.72,-17656.8,-130,-8598.72,-16242.6,-130,-7184.51,-16751.8,1051.14,-7698.72,-16949.7,1051.14,-7891.62,0.707107,0,-0.707107,-0.707107,0,0.707107
-13750,0,-12600,-13750,2102.28,-12600,-17656.8,2102.28,-8598.72,-17656.8,0,-8598.72,-17550,2102.28,-8700,-13750,2102.28,-12600,-13750,0,-12600,-17550,0,-8700,-18455,1051.14,-9600,-18455,1051.14,-9600,0.715498,-0,0.698614,-0.716229,0,-0.697865
-10000.4,0.000366211,-12599.1,-10000.4,2102.28,-12599.1,-13750,2102.28,-12600,-13750,0.000610352,-12600,-13750,2102.28,-12600,-4000.37,2102.28,-12599.1,-4000.37,0,-12599.1,-13750,0.000610352,-12600,-6850,1051.14,-12600,-6850,1051.14,-12600,-0.00024143,0,1,9.32528e-05,4.64526e-07,-1
-16242.6,-130,-7184.51,-16242.6,2102.28,-7184.51,-15736.9,2102.28,-6866.72,-15736.9,-130,-6866.72,-15740,2102.28,-6870,-16242.6,2102.28,-7184.51,-16242.6,-98,-7184.51,-15740,-98,-6870,-15989.8,1051.14,-7025.61,-15991.3,1051.14,-7027.25,0.532036,0,-0.846721,-0.530434,-1.88126e-07,0.847727
-10000.4,-130,-10599.1,-10000.4,2102.28,-10599.1,-10000.4,2102.28,-12599.1,-10000.4,-130,-12599.1,-10000.4,2102.28,-12599.1,-10000.4,2102.28,-10599.1,-10000.4,-130,-10599.1,-10000.4,-130,-12599.1,-10000.4,1051.14,-11599.1,-10000.4,1051.14,-11599.1,-1,0,0,1,0,-0
-9550.44,-100,-10180.4,-9550.44,2102.28,-10180.4,-10000.4,2102.28,-10599.1,-10000.4,-100,-10599.1,-10000.4,2102.28,-10599.1,-9550.44,2102.28,-10180.4,-9550.44,-100,-10180.4,-10000.4,-100,-10599.1,-9775.41,1051.14,-10389.8,-9775.41,1051.14,-10389.8,-0.681204,0,0.732094,0.681204,0,-0.732094
-9054.42,-130,-11546.3,-8938.04,-130,-11546.3,-8938.04,-130,-11657.5,-9054.42,-130,-11657.5,-8938.04,-130,-11657.5,-8938.04,-130,-11546.3,-9054.42,-130,-11546.3,-9054.42,-130,-11657.5,-8996.23,-130,-11601.9,-8996.23,-130,-11601.9,2.62246e-07,1,-2.74383e-07,-2.62246e-07,-1,2.74383e-07
-4000.37,0,-12599.1,-4000.37,2102.28,-12599.1,-10000.4,2102.28,-12599.1,-10000.4,0.000366211,-12599.1,-13750,2102.28,-12600,-4000.37,2102.28,-12599.1,-4000.37,0,-12599.1,-13750,0.000610352,-12600,-6850,1051.14,-12600,-6850,1051.14,-12600,-6.51041e-07,-4.64526e-07,1,9.32528e-05,4.64526e-07,-1
-15604.6,570,12544.2,-15604.6,2702.28,12544.2,-12776.1,2702.28,9715.74,-12776.1,570,9715.74,-12776.1,2702.28,9715.74,-15604.6,2702.28,12544.2,-15604.6,570,12544.2,-12776.1,570,9715.74,-14513.1,1591.78,11882.8,-14513.1,1591.78,11882.8,-0.707107,2.23628e-13,-0.707107,0.707107,-2.23628e-13,0.707107
-17501.6,2702.28,10500.2,-17501.6,2702.28,12500.2,-17501.6,570,12500.2,-17501.6,570,10500.2,-17501.6,570,12500.2,-17501.6,2702.28,12500.2,-17501.6,2702.28,10500.2,-17501.6,570,10500.2,-17501.6,1591.78,12050.1,-17501.6,1591.78,12050.1,1,4.47257e-13,-9.76565e-07,-1,-4.47257e-13,9.76565e-07
-18240.8,2702.28,9766.17,-17501.6,2702.28,10500.2,-17501.6,600,10500.2,-18240.8,600,9766.17,-17501.6,600,10500.2,-17501.6,2702.28,10500.2,-18240.8,2702.28,9766.17,-18240.8,600,9766.17,-17810.8,1591.78,10080.1,-17810.8,1591.78,10080.1,0.704573,3.29643e-07,-0.709632,-0.704573,-3.29643e-07,0.709632
-14820.2,600,7818.75,-14820.2,2702.28,7818.75,-15568,2702.28,7065.02,-15568,600,7065.02,-15566.5,2702.28,7063.59,-14820.2,2702.28,7818.75,-14820.2,600,7818.75,-15566.5,600,7063.59,-15527.3,1636.14,7111.64,-15193.3,1591.78,7441.17,-0.709885,-8.20521e-07,0.704317,0.711232,3.26542e-07,-0.702957
-12830.1,570,7818.75,-12830.1,2702.28,7818.75,-14820.2,2702.28,7818.75,-14820.2,570,7818.75,-14820.2,2702.28,7818.75,-12820.2,2702.28,7818.75,-12820.2,570,7818.75,-14820.2,570,7818.75,-14097.1,1651.14,8206.26,-13665.1,1591.78,7818.75,-4.90726e-07,-6.86986e-07,1,7.32422e-07,6.86986e-07,-1
-17501.6,2702.28,12500.2,-16050,2702.28,13600,-16050,600,13600,-17501.6,600,12500.2,-16050,600,13600,-16050,2702.28,13600,-17501.6,2702.28,12500.2,-17501.6,600,12500.2,-17501.6,1591.78,14050.1,-17501.6,1591.78,14050.1,0.603917,3.70249e-07,-0.797047,-0.603917,-3.70249e-07,0.797047
-16050,600,13600,-16050,2702.28,13600,-15604.6,2702.28,12544.2,-15604.6,600,12544.2,-15604.6,2702.28,12544.2,-16050,2702.28,13600,-16050,600,13600,-15604.6,600,12544.2,-17341.5,1591.78,14711.3,-17341.5,1591.78,14711.3,-0.921367,6.08558e-07,-0.388695,0.921367,-6.08558e-07,0.388695
-12776.2,600,9715.74,-12776.2,2702.28,9715.74,-12576.2,2702.28,9265.75,-12576.2,600,9265.75,-12576.2,2702.28,9265.75,-12776.2,2702.28,9715.74,-12776.2,600,9715.74,-12576.2,600,9265.75,-11684.6,1591.78,9054.42,-11684.6,1591.78,9054.42,-0.913837,3.77271e-07,-0.406081,0.913837,-3.77271e-07,0.406081
-12576.2,600,9265.75,-12576.2,2702.28,9265.76,-12820.2,2702.28,7818.75,-12820.2,600,7818.75,-12820.2,2702.28,7818.75,-12576.2,2702.28,9265.76,-12576.2,600,9265.75,-12820.2,600,7818.75,-11665.1,1591.78,7818.75,-11665.1,1591.78,7818.75,-0.986084,-7.72274e-08,0.16625,0.986084,7.72274e-08,-0.16625
-16653.4,1374.07,7549.39,-16653.4,1744.07,7549.39,-16780.6,1744.07,7676.67,-16780.6,1374.07,7676.67,-16780.7,1374.07,7676.15,-16780.7,1744.07,7676.15,-16653.5,1744.07,7548.86,-16653.5,1374.07,7548.86,-16717,1559.07,7613.03,-16724.2,1499.07,7619.58,0.707107,-0,0.707107,-0.707219,0,-0.706994
-16678.1,764.067,7581.21,-16678.1,994.067,7581.21,-16748.8,994.067,7651.92,-16748.8,764.067,7651.92,-16748.9,994.074,7651.4,-16678.2,994.074,7580.68,-16678.2,764.074,7580.68,-16748.9,764.074,7651.4,-16688.7,949.067,7584.75,-16713.6,879.074,7616.04,0.707109,-0,0.707104,-0.707219,1.50092e-06,-0.706994
-18234.7,2820.99,2405.44,-18234.7,2820.99,4405.44,-18234.7,600,4405.44,-18234.7,600,2405.44,-18234.7,600,4405.44,-18234.7,2702.28,4405.44,-18234.7,2702.28,2405.44,-18234.7,600,2405.44,-18234.7,1710.49,3230.98,-18234.7,1651.14,3230.98,1,0,1.95313e-06,-1,0,0
-18234.7,2820.99,4405.44,-17265,2820.99,5367.97,-17265,600,5367.97,-18234.7,600,4405.44,-17265,600,5367.97,-17265,2702.28,5367.97,-18234.7,2702.28,4405.44,-18234.7,600,4405.44,-17749.9,1710.49,4886.7,-17912.9,1651.14,5158.64,0.704473,1.56034e-07,-0.709731,-0.704472,-4.94533e-07,0.709731
-19550,2702.28,2100,-18234.7,2702.28,2405.44,-18234.7,600,2405.44,-19550,600,2100,-18234.7,600,2405.44,-18234.7,2702.28,2405.44,-19550,2702.28,2100,-19550,600,2100,-18892.4,1651.14,2252.72,-18234.7,1651.14,1230.98,0.226207,5.65607e-07,-0.974079,-0.226207,-5.65607e-07,0.974079
-16709.9,1374.07,5816.98,-16709.9,1744.07,5816.98,-16582.7,1744.07,5944.26,-16582.7,1374.07,5944.26,-16583,1744.07,5943.72,-16710.3,1744.07,5816.46,-16710.3,1374.07,5816.46,-16583,1374.07,5943.72,-16646.3,1559.07,5880.62,-16625.4,1489.07,5901.3,0.707112,0,-0.707101,-0.706996,0,0.707218
-22916.2,2820.99,7086.85,-20916.2,2820.99,7086.85,-20916.2,600,7086.85,-22916.2,600,7086.85,-20916.2,570,7086.85,-20916.2,2820.99,7086.85,-22916.2,2820.99,7086.85,-22916.2,570,7086.85,-22158.1,1710.49,7086.85,-21690.6,1710.49,3690.63,-7.3242e-07,0,-1,2.44141e-07,-0,1
-20916.2,2820.99,7086.85,-19959.1,2820.99,8047.9,-19959.1,600,8047.9,-20916.2,600,7086.85,-19959.1,600,8047.9,-19959.1,2820.99,8047.9,-20916.2,2820.99,7086.85,-20916.2,600,7086.85,-20405.6,1710.49,7521.24,-19206.7,1710.49,3690.63,0.708578,0,-0.705632,-0.708578,0,0.705632
-19573.7,1374.07,7712.03,-19573.7,1744.07,7712.03,-19446.5,1744.07,7584.75,-19446.5,1374.07,7584.75,-19446.5,1744.07,7584.65,-19573.8,1744.07,7711.95,-19573.8,1374.07,7711.95,-19446.5,1374.07,7584.65,-19510.1,1559.07,7648.39,-19534.9,1509.07,7673.05,-0.707112,3.73264e-06,-0.707101,0.707214,9.33013e-07,0.707
-18325.7,1014.07,7135.73,-18184.3,1014.07,6994.31,-18184.3,764.067,6994.31,-18325.7,764.067,7135.73,-18184.4,766.073,6994.02,-18184.4,1014.07,6994.02,-18325.8,1014.07,7135.46,-18325.8,766.073,7135.46,-18255,889.067,7065.02,-18269.3,879.074,7078.89,-0.70711,0,-0.707103,0.707213,-0,0.707001
-22960.2,600,5189.86,-22960.2,2820.99,5189.86,-23581.1,2820.99,5531.31,-23581.1,600,5531.31,-23581.1,2820.99,5531.31,-22960.2,2820.99,5189.86,-22960.2,600,5189.86,-23581.1,600,5531.31,-24519,1710.49,6519.06,-24519,1710.49,6519.06,0.481817,-3.85295e-07,0.876272,-0.481817,3.85295e-07,-0.876272
-19800,600,1850.04,-19800,2820.99,1850.04,-20131.7,2820.99,2361.43,-20131.7,600,2361.43,-20131.7,2820.99,2361.43,-19800,2820.99,1850.04,-19800,600,1850.04,-20131.7,600,2361.43,-18862.1,1710.49,862.206,-18862.1,1710.49,862.206,0.838949,-2.39288e-07,0.54421,-0.838949,2.39288e-07,-0.54421
-20131.7,600,2361.43,-20131.7,2820.99,2361.43,-22960.2,2820.99,5189.86,-22960.2,600,5189.86,-22960.2,2820.99,5189.86,-20131.7,2820.99,2361.43,-20131.7,568,2361.43,-22960.2,568,5189.86,-21690.6,1710.49,3690.63,-21690.6,1710.49,3690.63,0.707107,-3.10913e-07,0.707107,-0.707107,4.59746e-07,-0.707107
-23331.1,2820.99,5781.19,-22916.2,2820.99,7086.85,-22916.2,600,7086.85,-23331.1,600,5781.19,-22916.2,600,7086.85,-22916.2,2820.99,7086.85,-23331.1,2820.99,5781.19,-23331.1,600,5781.19,-23690.6,1710.49,3690.63,-23690.6,1710.49,3690.63,0.953021,6.6593e-08,-0.302904,-0.953021,0,0.302905
-18018.1,1374.07,6722.08,-18018.1,1744.07,6722.08,-17890.8,1744.07,6594.8,-17890.8,1374.07,6594.8,-17891.1,1374.07,6594.46,-17891.1,1744.07,6594.46,-18018.3,1744.07,6721.76,-18018.3,1374.07,6721.76,-17954.4,1559.07,6658.44,-17947.6,1499.07,6651.04,-0.707112,0,-0.707101,0.707219,-0,0.706994
-19375.7,1374.07,8737.33,-19375.7,1744.07,8737.33,-19503,1744.07,8610.05,-19503,1374.07,8610.05,-19502.9,1754.07,8609.96,-19375.6,1754.07,8737.22,-19375.6,1374.07,8737.22,-19502.9,1374.07,8609.96,-19414.6,1509.07,8698.44,-19414.5,1509.07,8698.33,-0.707107,0,0.707107,0.707001,0,-0.707213
-19092.9,1374.07,9020.18,-19092.9,1744.07,9020.18,-19220.2,1744.07,8892.9,-19220.2,1374.07,8892.9,-19220,1754.07,8892.75,-19092.8,1754.07,9020.01,-19092.8,1374.07,9020.01,-19220,1374.07,8892.75,-19131.8,1509.07,8981.28,-19131.6,1509.07,8981.13,-0.707107,0,0.707107,0.706996,0,-0.707218
-22961.5,910,10169.6,-22890.8,910,10240.3,-22890.8,680,10240.3,-22961.5,680,10169.6,-22890.8,909.779,10240.3,-22961.5,909.779,10169.6,-22961.5,679.779,10169.6,-22890.8,679.779,10240.3,-22926.2,795,10205,-22926.2,794.779,10205,0.707107,0,-0.707107,-0.707107,0,0.707107
-21724.1,930,11407.1,-21582.7,930,11548.5,-21582.7,680,11548.5,-21724.1,680,11407.1,-21582.6,929.779,11548.5,-21724.1,929.779,11407.1,-21724.1,679.779,11407.1,-21582.6,679.779,11548.5,-21653.4,805,11477.8,-21653.4,804.779,11477.8,0.707107,0,-0.707107,-0.707107,0,0.707107
-22532.4,2250,10544.9,-22419.3,2250,10658,-22419.3,2070,10658,-22532.4,2070,10544.9,-22417,2249.78,10657.5,-22530.2,2249.78,10544.4,-22530.2,2069.78,10544.4,-22417,2069.78,10657.5,-22475.8,2160,10601.5,-22473.6,2159.78,10601,0.707107,0,-0.707107,-0.707107,0,0.707107
-22247.3,1790,10827.2,-22134.2,1790,10940.4,-22134.2,1610,10940.4,-22247.3,1610,10827.2,-22134.2,1789.78,10940.4,-22247.3,1789.78,10827.2,-22247.3,1609.78,10827.2,-22134.2,1609.78,10940.4,-22190.8,1700,10883.8,-22190.8,1699.78,10883.8,0.707107,0,-0.707107,-0.707107,0,0.707107
-22035.2,1330,11039.4,-21922.1,1330,11152.5,-21922.1,1150,11152.5,-22035.2,1150,11039.4,-21922.1,1329.78,11152.5,-22035.2,1329.78,11039.4,-22035.2,1149.78,11039.4,-21922.1,1149.78,11152.5,-21978.6,1240,11095.9,-21978.6,1239.78,11095.9,0.707107,0,-0.707107,-0.707107,0,0.707107
-22247.3,1330,10827.2,-22134.2,1330,10940.4,-22134.2,1150,10940.4,-22247.3,1150,10827.2,-22134.2,1329.78,10940.4,-22247.3,1329.78,10827.2,-22247.3,1149.78,10827.2,-22134.2,1149.78,10940.4,-22190.8,1240,10883.8,-22190.8,1239.78,10883.8,0.707107,0,-0.707107,-0.707107,0,0.707107
-23581.2,934.473,9531.23,-23581.2,2820.98,9531.23,-23134.9,2820.99,10185.4,-23134.9,934.473,10185.4,-23134.9,2820.99,10185.4,-23581.2,2820.99,9531.23,-23581.2,934.473,9531.23,-23134.9,934.473,10185.4,-23356.2,1710.49,9631.23,-23356.2,1710.49,9631.23,0.826097,5.83427e-07,-0.563528,-0.826097,-5.83427e-07,0.563528
-18456.5,1374.07,9656.57,-18456.5,1744.07,9656.57,-18583.8,1744.07,9529.29,-18583.8,1374.07,9529.29,-18583.6,1744.07,9529.05,-18456.2,1744.07,9656.31,-18456.2,1374.07,9656.31,-18583.6,1374.07,9529.05,-18495.4,1509.07,9617.68,-18519.9,1559.07,9592.68,-0.707107,0,0.707107,0.706993,0,-0.707221
-19729.3,1374.07,8383.78,-19729.3,1744.07,8383.78,-19856.6,1744.07,8256.5,-19856.6,1374.07,8256.5,-19856.5,1744.07,8256.46,-19729.2,1744.07,8383.72,-19729.2,1374.07,8383.72,-19856.5,1374.07,8256.46,-19768.2,1509.07,8344.89,-19768.1,1509.07,8344.84,-0.707107,0,0.707107,0.706996,0,-0.707218
-30031.2,1972.28,3775.65,-28617,1972.28,5189.86,-28617,-130,5189.86,-30031.2,-130,3775.65,-28617,-130,5189.86,-28617,1972.28,5189.86,-30031.2,1972.28,3775.65,-30031.2,-130,3775.65,-29264.5,921.138,4556.84,-29264.5,921.138,4556.84,0.707106,-4.92703e-07,-0.707108,-0.707106,4.92703e-07,0.707108
-26672.5,2502.43,6003.15,-25331.1,2502.43,5781.23,-25331.1,427.339,5781.23,-26672.5,427.339,6003.15,-25331.1,427.339,5781.23,-25331.1,2502.43,5781.23,-26672.5,2502.43,6003.15,-26672.5,427.339,6003.15,-26001.8,1451.29,5892.19,-26001.8,1451.29,5892.19,-0.163231,2.3215e-07,-0.986588,0.163231,-2.3215e-07,0.986588
-17656.8,0.00012207,-8598.72,-17656.8,2102.28,-8598.72,-30031.2,2102.28,3775.65,-30031.2,-0.00012207,3775.65,-29620,2102.28,3380,-17550,2102.28,-8700,-17550,0.00012207,-8700,-29620,-0.00012207,3380,-23638.4,1051.14,-2609.36,-22255,1051.14,-5700,0.707107,-0,0.707107,-0.707399,0,-0.706814
-28617,1972.28,5189.86,-28086.6,1972.28,4942.39,-28086.6,-130,4942.39,-28617,-130,5189.86,-28086.6,-130,4942.39,-28086.6,1972.28,4942.39,-28617,1972.28,5189.86,-28617,-130,5189.86,-27850.3,921.138,5971.06,-27850.3,921.138,5971.06,-0.422837,2.10478e-07,-0.906206,0.422837,-2.10478e-07,0.906206
-36380,-100,10120,-36380,2002.28,10120,-29620,2002.28,3380,-29620,-100,3380,-30031.2,2002.28,3775.65,-36380,2002.28,10120,-36380,-100,10120,-30031.2,-100,3775.65,-35521.7,951.138,9259.51,-35521.7,951.138,9259.51,-0.706059,0,-0.708154,0.70686,0,0.707353
-36219,-100,10245.4,-36219,2002.28,10245.4,-36380,2002.28,10120,-36380,-100,10120,-36380,2002.28,10120,-36219,2002.28,10245.4,-36219,497.704,10245.4,-36380,497.704,10120,-35895.6,951.138,10338,-35895.6,951.138,10338,-0.614686,0,0.788772,0.614686,0,-0.788772
-33107.9,2002.28,13356.7,-33390.7,2002.28,13073.8,-33390.7,-100,13073.8,-33107.9,-100,13356.7,-33390.7,-100,13073.8,-33390.7,2002.28,13073.8,-33107.9,2002.27,13356.7,-33107.9,-100,13356.7,-33249.3,951.138,13215.3,-33249.3,951.137,13215.3,-0.707165,-3.28442e-07,0.707048,0.707167,0,-0.707047
-31339.3,2002.28,8548.53,-30561.5,2002.28,7770.76,-30561.5,-19.6653,7770.76,-31339.3,-19.6653,8548.53,-30561.5,-99.9998,7770.76,-30561.5,2002.28,7770.76,-31339.3,2002.28,8548.53,-31339.3,-99.9999,8548.53,-30574.6,951.138,9353.58,-30574.6,951.138,9353.58,-0.707093,0,-0.707121,0.707093,-1.64238e-07,0.707121
-25331.1,400.155,5781.23,-25331.1,2502.43,5781.23,-26672.5,2502.43,6003.15,-26672.5,400.155,6003.15,-26672.5,2502.43,6003.15,-25331.1,2502.43,5781.23,-25331.1,427.339,5781.23,-26672.5,427.339,6003.15,-26384.8,1451.29,6303.32,-26001.8,1451.29,5892.19,0.16323,-2.29148e-07,0.986588,-0.163231,2.3215e-07,-0.986588
-22777.7,680,12955.6,-22777.7,910,12955.6,-22848.4,910,12884.9,-22848.4,680,12884.9,-22848.4,909.779,12884.9,-22777.7,909.779,12955.6,-22777.7,679.779,12955.6,-22848.4,679.779,12884.9,-22813,795,12920.3,-22813,794.779,12920.3,-0.707107,0,0.707107,0.707107,0,-0.707107
-24199,910,11520.2,-24269.7,910,11449.5,-24269.7,680,11449.5,-24199,680,11520.2,-24269.7,679.779,11449.5,-24269.7,909.779,11449.5,-24198.9,909.779,11520.2,-24198.9,679.779,11520.2,-24234.3,795,11484.8,-24234.3,794.779,11484.9,-0.707107,0,0.707107,0.707107,0,-0.707107
-3979.93,-500,-5445,-3979.93,-99.9999,-5445,-3979.93,-99.9999,-5855,-3979.93,-500,-5855,-3979.93,-99.9999,-5855,-3979.93,-99.9999,-5445,-3979.93,-500,-5445,-3979.93,-500,-5855,-3979.93,-175,-5700,-3979.93,-175,-5700,-1,0,0,1,0,-0
-3600,-500,-6300,-3600,-99.9999,-6300,-3600,-99.9999,-6700,-3600,-500,-6700,-3600,-99.9999,-6700,-3600,-99.9999,-6300,-3600,-500,-6300,-3600,-500,-6700,-3600,-175,-6520,-3600,-175,-6520,-1,0,0,1,0,-0
-4215,-670,-6980,-4215,-895,-6980,-4215,-895,-7080,-4215,-670,-7080,-4215,-895,-7080,-4215,-895,-6980,-4215,-665,-6980,-4215,-665,-7080,-4215,-780,-7030,-4215,-780,-7030,1,0,0,-1,0,0
-2600,-500,-6350,-2600,-100,-6350,-2600,-100,-6650,-2600,-500,-6650,-2600,-100,-6650,-2600,-100,-6350,-2600,-500,-6350,-2600,-500,-6650,-2600,-175,-6500,-2600,-175,-6500,-1,0,0,1,0,-0
1200.04,-2000,-3000,900.042,-2000,-3000,900.042,-2400,-3000,1200.04,-2400,-3000,900.042,-2400,-3000,900.042,-2000,-3000,1200.04,-2000,-3000,1200.04,-2400,-3000,1050.04,-2075,-3000,1050.04,-2075,-3000,0,0,1,0,0,-1
1200,-1953.45,-3080.17,900,-1953.45,-3080.17,900,-2000,-3000,1200,-2000,-3000,900,-2000,-3000,900,-1953.45,-3080.17,1200,-1953.45,-3080.17,1200,-2000,-3000,1050,-1675,-3000,1050,-1675,-3000,0,0.86479,0.502134,0,-0.86479,-0.502134
820,-1600,-6649.98,820,-1600,-6349.98,820,-2000,-6349.98,820,-2000,-6649.98,820,-2000,-6350,820,-1500,-6350,820,-1500,-6650,820,-2000,-6650,820,-1675,-6499.98,820,-1675,-6500,1,0,-0,-1,0,0
900,-2000,-4800,1200,-2000,-4800,1200,-2400,-4800,900,-2400,-4800,1200,-2400,-4800,1200,-2000,-4800,900,-2000,-4800,900,-2400,-4800,1050,-2075,-4800,1050,-2075,-4800,0,0,-1,0,-0,1
900,-1953.45,-4719.83,1200,-1953.45,-4719.83,1200,-2000,-4800,900,-2000,-4800,1200,-2000,-4800,1200,-1953.45,-4719.83,900,-1953.45,-4719.83,900,-2000,-4800,1050,-1675,-4800,1050,-1675,-4800,0,0.864789,-0.502135,0,-0.864789,0.502135
400.131,-2790,-2700,400.131,-2130,-2700,830,-2130,-2700,830,-2790,-2700,830,-2130,-2700,400.131,-2130,-2700,400.131,-2790,-2700,830,-2790,-2700,630,-2584.91,-2700,630,-2584.91,-2700,0,0,-1,0,0,1
830.07,-2790,-5100,830.07,-2130,-5100,400.147,-2130,-5100,400.147,-2790,-5100,400.203,-2130,-5100.08,830.07,-2130,-5100.08,830.07,-2790,-5100.08,400.203,-2790,-5100.08,630.069,-2420,-5100,630.069,-2420,-5100.08,0,-0,1,0,0,-1
2400,-2249.82,-6698,2400,-2249.82,-6298,2400,-2660,-6298,2400,-2660,-6698,2400,-2660,-6298,2400,-2249.82,-6298,2400,-2249.82,-6698,2400,-2660,-6698,2400,-2454.91,-6498,2400,-2454.91,-6498,1,0,-6.10352e-07,-1,0,6.10352e-07
2400,-2249.82,-6098,2400,-2249.82,-5698,2400,-2660,-5698,2400,-2660,-6098,2400,-2660,-5698,2400,-2249.82,-5698,2400,-2249.82,-6098,2400,-2660,-6098,2400,-2454.91,-5898,2400,-2454.91,-5898,1,0,-6.10352e-07,-1,0,6.10352e-07
2400,-2249.82,-5498,2400,-2249.82,-5098,2400,-2660,-5098,2400,-2660,-5498,2400,-2660,-5098,2400,-2249.82,-5098,2400,-2249.82,-5498,2400,-2660,-5498,2400,-2454.91,-5298,2400,-2454.91,-5298,1,0,-6.10352e-07,-1,0,6.10352e-07
2800,-2660,-4930,2800,-1995,-4930,3700,-1995,-4930,3700,-2660,-4930,3700,-1995,-4930,2800,-1995,-4930,2800,-2660,-4930,3700,-2660,-4930,3250,-2327.5,-4930,3250,-2327.5,-4930,-5.42535e-07,0,-1,5.42535e-07,0,1
3170.06,-2790,-4930,3170.06,-2660,-4930,3700,-2660,-4930,3700,-2790,-4930,3700,-2660,-4930,3170.06,-2660,-4930,3170.06,-2790,-4930,3700,-2790,-4930,3250,-2992.5,-4930,3250,-2992.5,-4930,-1.84278e-06,0,-1,1.84278e-06,0,1
1598,-2249.82,-6300,1598,-2249.82,-6700,1598,-2660,-6700,1598,-2660,-6300,1598,-2660,-6700,1598,-2249.82,-6700,1598,-2249.82,-6300,1598,-2660,-6300,1598,-2454.91,-6500,1598,-2454.91,-6500,-1,0,3.05175e-07,1,0,-3.05175e-07
1598,-2249.82,-5700,1598,-2249.82,-6100,1598,-2660,-6100,1598,-2660,-5700,1598,-2660,-6100,1598,-2249.82,-6100,1598,-2249.82,-5700,1598,-2660,-5700,1598,-2454.91,-5900,1598,-2454.91,-5900,-1,0,3.05175e-07,1,0,-3.05175e-07
2402,-2249.82,-2700,2402,-2249.82,-2300,2402,-2660,-2300,2402,-2660,-2700,2402,-2660,-2300,2402,-2249.82,-2300,2402,-2249.82,-2700,2402,-2660,-2700,2402,-2454.91,-2500,2402,-2454.91,-2500,1,0,-6.10351e-07,-1,0,6.10351e-07
2402,-2249.82,-2100,2402,-2249.82,-1700,2402,-2660,-1700,2402,-2660,-2100,2402,-2660,-1700,2402,-2249.82,-1700,2402,-2249.82,-2100,2402,-2660,-2100,2402,-2454.91,-1900,2402,-2454.91,-1900,1,0,-6.10351e-07,-1,0,6.10351e-07
2402,-2249.82,-1500,2402,-2249.82,-1100,2402,-2660,-1100,2402,-2660,-1500,2402,-2660,-1100,2402,-2249.82,-1100,2402,-2249.82,-1500,2402,-2660,-1500,2402,-2454.91,-1300,2402,-2454.91,-1300,1,0,-6.10351e-07,-1,0,6.10351e-07
3700,-2660,-2800,3700,-2086.05,-2800,2800,-2086.05,-2800,2800,-2660,-2800,2800,-2086.05,-2800,3700,-2086.05,-2800,3700,-2660,-2800,2800,-2660,-2800,3250,-2327.5,-2800,3250,-2327.5,-2800,8.13802e-07,-0,1,-8.13802e-07,0,-1
3700,-2660,-2800,3170.06,-2660,-2800,3170.06,-2790,-2800,3700,-2790,-2800,3170.06,-2790,-2800,3170.06,-2660,-2800,3700,-2660,-2800,3700,-2790,-2800,3250,-2992.5,-2800,3250,-2992.5,-2800,9.21392e-07,0,1,-9.21392e-07,0,-1
1598,-2249.82,-1700,1598,-2249.82,-2100,1598,-2660,-2100,1598,-2660,-1700,1598,-2660,-2100,1598,-2249.82,-2100,1598,-2249.82,-1700,1598,-2660,-1700,1598,-2454.91,-1900,1598,-2454.91,-1900,-1,0,3.05175e-07,1,0,-3.05175e-07
1598,-2249.82,-1100,1598,-2249.82,-1500,1598,-2660,-1500,1598,-2660,-1100,1598,-2660,-1500,1598,-2249.82,-1500,1598,-2249.82,-1100,1598,-2660,-1100,1598,-2454.91,-1300,1598,-2454.91,-1300,-1,0,3.05175e-07,1,0,-3.05175e-07
1630,-2660,-5000,1630,-1995,-5000,2370,-1995,-5000,2370,-2660,-5000,2369.91,-1995,-5000,1629.91,-1995,-5000,1629.91,-2660,-5000,2369.91,-2660,-5000,2000,-2327.5,-5000,1999.91,-2327.5,-5000,-6.59839e-07,0,-1,6.59839e-07,0,1
1630,-2010,-1000,2370,-2010,-1000,2370,-2660,-1000,1630,-2660,-1000,2370,-2660,-1000,2370,-2010,-1000,1630,-2010,-1000,1630,-2660,-1000,2000,-2335,-1000,2000,-2335,-1000,-1.6496e-07,9.39003e-08,-1,1.6496e-07,-9.39003e-08,1
2370,-2660,-2800,2370,-1995,-2800,1630,-1995,-2800,1630,-2660,-2800,1630,-1995,-2800,2370,-1995,-2800,2370,-2660,-2800,1630,-2660,-2800,2000,-2327.5,-2800,2000,-2327.5,-2800,9.89759e-07,-0,1,-9.89759e-07,0,-1
-13628.2,-483.884,-7059.84,-13276.9,-483.884,-6708.9,-13276.9,-900.999,-6708.9,-13628.2,-900.999,-7059.84,-13276.9,-900.999,-6708.9,-13276.9,-483.884,-6708.9,-13628.2,-483.884,-7059.84,-13628.2,-900.999,-7059.84,-13274.6,-734.999,-6706.29,-13274.6,-734.999,-6706.29,0.706811,0,-0.707402,-0.706811,0,0.707402
-16218.3,-900.999,-3928.43,-16218.3,-483.884,-3928.43,-16714.8,-483.884,-3928.23,-16714.8,-900.999,-3928.23,-16714.8,-483.884,-3928.23,-16218.3,-483.884,-3928.43,-16218.3,-900.999,-3928.43,-16714.8,-900.999,-3928.23,-16214.8,-734.999,-3928.23,-16214.8,-734.999,-3928.23,0.000417948,5.85307e-07,1,-0.000417948,-5.85307e-07,-1
-6781.53,-900.999,-1184.47,-6781.53,-483.884,-1184.47,-7132.77,-483.884,-1535.42,-7132.77,-900.999,-1535.42,-7132.77,-483.884,-1535.42,-6781.53,-483.884,-1184.47,-6781.53,-900.999,-1184.47,-7132.77,-900.999,-1535.42,-6779.21,-734.999,-1181.86,-6779.21,-734.999,-1181.86,-0.706811,0,0.707402,0.706811,0,-0.707402
-6992.13,-483.884,-3092.13,-6640.89,-483.884,-2741.18,-6640.89,-900.999,-2741.18,-6992.13,-900.999,-3092.13,-6640.89,-900.999,-2741.18,-6640.89,-483.884,-2741.18,-6992.13,-483.884,-3092.13,-6992.13,-900.999,-3092.13,-6638.58,-734.999,-2738.57,-6638.58,-734.999,-2738.57,0.706811,0,-0.707402,-0.706811,0,0.707402
-13778.9,-469.999,-5509.62,-12778.9,-469.999,-5509.62,-12778.9,-999.999,-5509.62,-13778.9,-999.999,-5509.62,-12778.9,-999.999,-5509.62,-12778.9,-469.999,-5509.62,-13778.9,-469.999,-5509.62,-13778.9,-999.999,-5509.62,-13278.9,-734.999,-5509.62,-13278.9,-734.999,-5509.62,0,0,-1,0,-0,1
-9891.29,-999.999,-3302.51,-9891.29,-469.999,-3302.51,-9891.29,-469.999,-4302.51,-9891.29,-999.999,-4302.51,-9891.29,-469.999,-4302.51,-9891.29,-469.999,-3302.51,-9891.29,-999.999,-3302.51,-9891.29,-999.999,-4302.51,-9891.29,-734.999,-3802.51,-9891.29,-734.999,-3802.51,-1,0,-9.76563e-07,1,0,9.76563e-07
-18948,1264.07,7828.52,-18948,1514.07,7828.52,-18806.5,1514.07,7969.92,-18806.5,1264.07,7969.92,-18806.5,1514.07,7969.92,-18948,1514.07,7828.52,-18948,1264.07,7828.52,-18806.5,1264.07,7969.92,-18877.3,1389.07,7899.22,-18863.1,1379.07,7913.36,0.706994,0,-0.707219,-0.706994,0,0.707219
-18361.1,1264.07,7453.67,-18361.1,1514.07,7453.67,-18502.6,1514.07,7312.27,-18502.6,1264.07,7312.27,-18502.6,1264.07,7312.27,-18502.6,1514.07,7312.27,-18361.1,1514.07,7453.66,-18361.1,1264.07,7453.66,-18431.9,1389.07,7382.97,-18431.9,1389.07,7382.97,-0.706994,0,0.707219,0.706994,0,-0.707219
-18007.7,1264.07,6817.22,-18007.7,1514.07,6817.22,-17866.2,1514.07,6958.61,-17866.2,1264.07,6958.61,-17866.2,1264.07,6958.61,-17866.2,1514.07,6958.61,-18007.7,1514.07,6817.22,-18007.7,1264.07,6817.22,-17937,1389.07,6887.92,-17937,1389.07,6887.92,0.706996,0,-0.707218,-0.706996,0,0.707218
-17350.1,1264.07,6513.06,-17350.1,1514.07,6513.06,-17491.6,1514.07,6371.66,-17491.6,1264.07,6371.66,-17491.6,1514.07,6371.66,-17350.1,1514.07,6513.06,-17350.1,1264.07,6513.06,-17491.6,1264.07,6371.66,-17420.9,1389.07,6442.36,-17435,1379.07,6428.22,-0.706999,0,0.707214,0.706999,0,-0.707214
-17031.9,1514.07,6831.21,-16890.4,1514.07,6972.6,-16890.4,1264.07,6972.6,-17031.9,1264.07,6831.21,-16890.4,1264.07,6972.6,-16890.4,1514.07,6972.6,-17031.9,1514.07,6831.21,-17031.9,1264.07,6831.21,-16975.3,1379.07,6887.76,-16975.3,1379.07,6887.76,0.706994,0,-0.707219,-0.706994,0,0.707219
-16713.6,1514.07,7149.35,-16572.2,1514.07,7290.75,-16572.2,1264.07,7290.75,-16713.6,1264.07,7149.35,-16572.2,1264.07,7290.75,-16572.2,1514.07,7290.75,-16713.6,1514.07,7149.35,-16713.6,1264.07,7149.35,-16657.1,1379.07,7205.91,-16642.9,1389.07,7220.05,0.707001,0,-0.707213,-0.706999,0,0.707214
-18261.9,1514.07,9037.56,-18403.3,1514.07,9179.01,-18403.3,1264.07,9179.01,-18261.9,1264.07,9037.56,-18403.3,1514.07,9179,-18261.9,1514.07,9037.56,-18261.9,1264.07,9037.56,-18403.3,1264.07,9179,-18318.5,1379.07,9094.14,-18346.7,1379.07,9122.43,0.707219,0,0.706994,-0.707219,-2.7617e-06,-0.706994
-19379.2,1264.07,8203.35,-19379.3,1514.07,8203.35,-19237.8,1514.07,8061.91,-19237.8,1264.07,8061.91,-19237.8,1514.07,8061.91,-19379.3,1514.07,8203.35,-19379.2,1264.07,8203.35,-19237.8,1264.07,8061.91,-19294.4,1379.07,8118.49,-19294.4,1379.07,8118.49,-0.707213,-5.5251e-06,-0.707001,0.707213,5.5251e-06,0.707001
-18170,1264.07,8606.21,-18170,1514.07,8606.21,-18028.6,1514.07,8747.61,-18028.6,1264.07,8747.61,-18028.6,1514.07,8747.61,-18170,1514.07,8606.21,-18170,1264.07,8606.21,-18028.6,1264.07,8747.61,-18085.2,1379.07,8691.05,-18085.2,1379.07,8691.05,0.706994,5.52339e-06,-0.707219,-0.706994,-5.52339e-06,0.707219
-18346.8,1514.07,8429.47,-18488.3,1514.07,8288.07,-18488.3,1264.07,8288.07,-18346.8,1264.07,8429.47,-18488.3,1264.07,8288.07,-18488.3,1514.07,8288.07,-18346.8,1514.07,8429.47,-18346.8,1264.07,8429.47,-18403.4,1379.07,8372.91,-18403.4,1379.07,8372.91,-0.706997,0,0.707217,0.706997,0,-0.707217
-18134.7,764.074,8641.56,-18134.7,1014.07,8641.56,-17993.2,1014.07,8782.96,-17993.2,764.073,8782.96,-17993.2,764.073,8782.96,-17993.2,1014.07,8782.96,-18134.7,1014.07,8641.56,-18134.7,764.073,8641.56,-18064,889.074,8712.26,-18064,889.073,8712.26,0.706994,0,-0.707219,-0.706994,0,0.707219
-16536.8,764.074,7326.1,-16536.8,1014.07,7326.1,-16678.3,1014.07,7184.7,-16678.3,764.073,7184.7,-16678.3,764.074,7184.7,-16678.3,1014.07,7184.7,-16536.8,1014.07,7326.1,-16536.8,764.074,7326.1,-16607.6,889.074,7255.4,-16607.6,889.074,7255.4,-0.706999,0,0.707214,0.706999,0,-0.707214
-16353.1,764.073,6703.82,-16353.1,1014.07,6703.82,-16494.5,1014.07,6845.26,-16494.5,764.073,6845.26,-16494.5,764.074,6845.26,-16494.5,1014.07,6845.26,-16353.1,1014.07,6703.82,-16353.1,764.073,6703.82,-16423.8,889.073,6774.54,-16423.8,889.074,6774.54,0.707218,-0,0.706996,-0.707218,0,-0.706996
-18608.4,764.073,8691.13,-18608.4,1014.07,8691.13,-18749.8,1014.07,8832.58,-18749.8,764.073,8832.58,-18749.8,764.074,8832.58,-18749.8,1014.07,8832.58,-18608.4,1014.07,8691.13,-18608.4,764.073,8691.13,-18679.1,889.073,8761.86,-18679.1,889.073,8761.86,0.707219,-0,0.706994,-0.707219,0,-0.706994
-17618.8,764.073,6569.67,-17618.8,1014.07,6569.67,-17477.4,1014.07,6711.07,-17477.4,764.073,6711.07,-17477.4,764.074,6711.07,-17477.4,1014.07,6711.07,-17618.8,1014.07,6569.67,-17618.8,764.073,6569.67,-17548.1,889.073,6640.37,-17562.2,879.074,6626.23,0.707001,0,-0.707213,-0.706999,0,0.707214
-18608.6,764.073,7842.61,-18608.6,1014.07,7842.61,-18750,1014.07,7701.21,-18750,764.073,7701.21,-18750,764.073,7701.21,-18750,1014.07,7701.21,-18608.6,1014.07,7842.61,-18608.6,764.073,7842.61,-18679.3,889.073,7771.91,-18679.3,889.073,7771.91,-0.706994,0,0.707219,0.706996,0,-0.707218
-22190.8,2849.78,12439.5,-22388.8,2849.78,12241.5,-22388.8,2439.78,12241.5,-22190.8,2439.78,12439.5,-22388.8,2849.78,12241.5,-22190.8,2849.78,12439.5,-22190.8,2439.78,12439.5,-22388.8,2439.78,12241.5,-22289.8,2619.78,12340.5,-22289.8,2619.78,12340.5,-0.707103,0,0.70711,0.707103,0,-0.70711
-23335,2429.78,11815.9,-23335,2679.78,11815.9,-23407,2679.78,11887.9,-23407,2429.78,11887.9,-23407,2689.78,11887.9,-23335,2689.78,11815.9,-23335,2439.78,11815.9,-23407,2439.78,11887.9,-23388,2554.78,11869,-23388,2564.78,11869,0.707102,-0,0.707112,-0.707102,0,-0.707112
-22841.3,1309.78,12227.3,-22699.9,1309.78,12085.9,-22699.9,1059.78,12085.9,-22841.3,1059.78,12227.3,-22699.9,1309.78,12085.9,-22841.3,1309.78,12227.3,-22841.3,1059.78,12227.3,-22699.9,1059.78,12085.9,-22770.6,1184.78,12156.6,-22770.6,1184.78,12156.6,-0.707107,0,-0.707107,0.707107,0,0.707107
-22530.2,1309.78,11506.1,-22671.6,1309.78,11364.6,-22671.6,1059.78,11364.6,-22530.2,1059.78,11506.1,-22671.6,1309.78,11364.6,-22530.2,1309.78,11506.1,-22530.2,1059.78,11506.1,-22671.6,1059.78,11364.6,-22600.9,1184.78,11435.4,-22600.9,1184.78,11435.4,-0.707107,0,0.707107,0.707107,0,-0.707107
-23088.8,1289.78,11880.8,-23159.5,1289.78,11951.5,-23159.5,1059.78,11951.5,-23088.8,1059.78,11880.8,-23159.5,1289.78,11951.5,-23088.8,1289.78,11880.8,-23088.8,1059.78,11880.8,-23159.5,1059.78,11951.5,-23124.1,1174.78,11916.2,-23124.1,1174.78,11916.2,0.707107,0,0.707107,-0.707107,0,-0.707107
-23272.6,1289.78,11697,-23343.3,1289.78,11767.7,-23343.3,1059.78,11767.7,-23272.6,1059.78,11697,-23343.3,1289.78,11767.7,-23272.6,1289.78,11697,-23272.6,1059.78,11697,-23343.3,1059.78,11767.7,-23308,1174.78,11732.3,-23308,1174.78,11732.3,0.707107,0,0.707107,-0.707107,0,-0.707107
-23363.3,1059.78,11773.5,-23363.3,1419.78,11773.5,-23504.7,1419.78,11632.1,-23504.7,1059.78,11632.1,-23504.7,1419.78,11632.1,-23363.3,1419.78,11773.5,-23363.3,1059.78,11773.5,-23504.7,1059.78,11632.1,-23434,1239.78,11702.8,-23434,1239.78,11702.8,-0.707107,0,0.707107,0.707107,0,-0.707107
-23774.7,1879.78,11647.5,-23916.1,1879.78,11788.9,-23916.1,1519.78,11788.9,-23774.7,1519.78,11647.5,-23916.1,1519.78,11788.9,-23916.1,1879.78,11788.9,-23774.7,1879.78,11647.5,-23774.7,1519.78,11647.5,-23845.4,1699.78,11718.2,-23845.4,1699.78,11718.2,0.707107,0,0.707107,-0.707107,0,-0.707107
-23972.7,1289.78,11491.9,-24043.4,1289.78,11562.6,-24043.4,1059.78,11562.6,-23972.7,1059.78,11491.9,-24043.4,1059.78,11562.6,-24043.4,1289.78,11562.6,-23972.7,1289.78,11491.9,-23972.7,1059.78,11491.9,-24008,1174.78,11527.3,-24008,1174.78,11527.3,0.707107,0,0.707107,-0.707107,0,-0.707107
-23916.1,1059.78,11788.9,-23916.1,1419.78,11788.9,-23774.7,1419.78,11647.5,-23774.7,1059.78,11647.5,-23774.7,1419.78,11647.5,-23916.1,1419.78,11788.9,-23916.1,1059.78,11788.9,-23774.7,1059.78,11647.5,-23845.4,1239.78,11718.2,-23845.4,1239.78,11718.2,-0.707107,0,-0.707107,0.707107,0,0.707107
-22388.8,1929.78,12241.5,-22190.8,1929.78,12439.5,-22190.8,1519.78,12439.5,-22388.8,1519.78,12241.5,-22190.8,1929.78,12439.5,-22388.8,1929.78,12241.5,-22388.8,1519.54,12241.5,-22190.8,1519.54,12439.5,-22289.8,1699.78,12340.5,-22289.8,1699.54,12340.5,0.707103,0,-0.70711,-0.707103,0,0.70711
-21915,1309.78,11301,-22056.4,1309.78,11442.4,-22056.4,1059.78,11442.4,-21915,1059.78,11301,-22056.4,1309.78,11442.4,-21915,1309.78,11301,-21915,1059.78,11301,-22056.4,1059.78,11442.4,-21985.7,1184.78,11371.7,-21985.7,1184.78,11371.7,0.707107,0,0.707107,-0.707107,0,-0.707107
-22190.8,1469.78,12439.5,-22388.8,1469.78,12241.5,-22388.8,1059.54,12241.5,-22190.8,1059.54,12439.5,-22388.8,1446.6,12241.5,-22190.8,1446.6,12439.5,-22190.8,1059.78,12439.5,-22388.8,1059.78,12241.5,-22289.8,1239.54,12340.5,-22289.8,1239.78,12340.5,-0.707103,0,0.70711,0.707103,0,-0.70711
-23315.1,1059.78,10721.2,-23315.1,1289.78,10721.2,-23385.8,1289.78,10650.5,-23385.8,1059.78,10650.5,-23385.8,1289.78,10650.5,-23315.1,1289.78,10721.2,-23315.1,1059.78,10721.2,-23385.8,1059.78,10650.5,-23350.4,1174.78,10685.8,-23350.4,1174.78,10685.8,-0.707107,0,0.707107,0.707107,0,-0.707107
-22671.6,1309.78,11095.9,-22530.2,1309.78,10954.5,-22530.2,1059.78,10954.5,-22671.6,1059.78,11095.9,-22530.2,1309.78,10954.5,-22671.6,1309.78,11095.9,-22671.6,1059.78,11095.9,-22530.2,1059.78,10954.5,-22600.9,1184.78,11025.2,-22600.9,1184.78,11025.2,-0.707107,0,-0.707107,0.707107,0,0.707107
-22841.3,1769.78,12227.3,-22699.9,1769.78,12085.9,-22699.9,1519.78,12085.9,-22841.3,1519.78,12227.3,-22699.9,1769.78,12085.9,-22841.3,1769.78,12227.3,-22841.3,1519.78,12227.3,-22699.9,1519.78,12085.9,-22770.6,1644.78,12156.6,-22770.6,1644.78,12156.6,-0.707107,0,-0.707107,0.707107,0,0.707107
-22530.2,1769.78,11506.1,-22671.6,1769.78,11364.6,-22671.6,1519.78,11364.6,-22530.2,1519.78,11506.1,-22671.6,1769.78,11364.6,-22530.2,1769.78,11506.1,-22530.2,1519.78,11506.1,-22671.6,1519.78,11364.6,-22600.9,1644.78,11435.4,-22600.9,1644.78,11435.4,-0.707107,0,0.707107,0.707107,0,-0.707107
-23088.8,1749.78,11880.8,-23159.5,1749.78,11951.5,-23159.5,1519.78,11951.5,-23088.8,1519.78,11880.8,-23159.5,1749.78,11951.5,-23088.8,1749.78,11880.8,-23088.8,1519.78,11880.8,-23159.5,1519.78,11951.5,-23124.1,1634.78,11916.2,-23124.1,1634.78,11916.2,0.707107,0,0.707107,-0.707107,0,-0.707107
-23272.6,1749.78,11697,-23343.3,1749.78,11767.7,-23343.3,1519.78,11767.7,-23272.6,1519.78,11697,-23343.3,1749.78,11767.7,-23272.6,1749.78,11697,-23272.6,1519.78,11697,-23343.3,1519.78,11767.7,-23308,1634.78,11732.3,-23308,1634.78,11732.3,0.707107,0,0.707107,-0.707107,0,-0.707107
-23363.3,1519.78,11773.5,-23363.3,1879.78,11773.5,-23504.7,1879.78,11632.1,-23504.7,1519.78,11632.1,-23504.7,1879.78,11632.1,-23363.3,1879.78,11773.5,-23363.3,1519.78,11773.5,-23504.7,1519.78,11632.1,-23434,1699.78,11702.8,-23434,1699.78,11702.8,-0.707107,0,0.707107,0.707107,0,-0.707107
-23774.7,2339.78,11647.5,-23916.1,2339.78,11788.9,-23916.1,1979.78,11788.9,-23774.7,1979.78,11647.5,-23916.1,1979.78,11788.9,-23916.1,2339.78,11788.9,-23774.7,2339.78,11647.5,-23774.7,1979.78,11647.5,-23845.4,2159.78,11718.2,-23845.4,2159.78,11718.2,0.707107,0,0.707107,-0.707107,0,-0.707107
-23972.7,1749.78,11491.9,-24043.4,1749.78,11562.6,-24043.4,1519.78,11562.6,-23972.7,1519.78,11491.9,-24043.4,1519.78,11562.6,-24043.4,1749.78,11562.6,-23972.7,1749.78,11491.9,-23972.7,1519.78,11491.9,-24008,1634.78,11527.3,-24008,1634.78,11527.3,0.707107,0,0.707107,-0.707107,0,-0.707107
-22388.8,2389.78,12241.5,-22190.8,2389.78,12439.5,-22190.8,1979.78,12439.5,-22388.8,1979.78,12241.5,-22190.8,2389.78,12439.5,-22388.8,2389.78,12241.5,-22388.8,1979.54,12241.5,-22190.8,1979.54,12439.5,-22289.8,2159.78,12340.5,-22289.8,2159.54,12340.5,0.707103,0,-0.70711,-0.707103,0,0.70711
-21915,1769.78,11301,-22056.4,1769.78,11442.4,-22056.4,1519.78,11442.4,-21915,1519.78,11301,-22056.4,1769.78,11442.4,-21915,1769.78,11301,-21915,1519.78,11301,-22056.4,1519.78,11442.4,-21985.7,1644.78,11371.7,-21985.7,1644.78,11371.7,0.707107,0,0.707107,-0.707107,0,-0.707107
-23315.1,1519.78,10721.2,-23315.1,1749.78,10721.2,-23385.8,1749.78,10650.5,-23385.8,1519.78,10650.5,-23385.8,1749.78,10650.5,-23315.1,1749.78,10721.2,-23315.1,1519.78,10721.2,-23385.8,1519.78,10650.5,-23350.4,1634.78,10685.8,-23350.4,1634.78,10685.8,-0.707107,0,0.707107,0.707107,0,-0.707107
-22671.6,1769.78,11095.9,-22530.2,1769.78,10954.5,-22530.2,1519.78,10954.5,-22671.6,1519.78,11095.9,-22530.2,1769.78,10954.5,-22671.6,1769.78,11095.9,-22671.6,1519.78,11095.9,-22530.2,1519.78,10954.5,-22600.9,1644.78,11025.2,-22600.9,1644.78,11025.2,-0.707107,0,-0.707107,0.707107,0,0.707107
-22841.3,2229.78,12227.3,-22699.9,2229.78,12085.9,-22699.9,1979.78,12085.9,-22841.3,1979.78,12227.3,-22699.9,2229.78,12085.9,-22841.3,2229.78,12227.3,-22841.3,1979.78,12227.3,-22699.9,1979.78,12085.9,-22770.6,2104.78,12156.6,-22770.6,2104.78,12156.6,-0.707107,0,-0.707107,0.707107,0,0.707107
-22530.2,2229.78,11506.1,-22671.6,2229.78,11364.6,-22671.6,1979.78,11364.6,-22530.2,1979.78,11506.1,-22671.6,2229.78,11364.6,-22530.2,2229.78,11506.1,-22530.2,1979.78,11506.1,-22671.6,1979.78,11364.6,-22600.9,2104.78,11435.4,-22600.9,2104.78,11435.4,-0.707107,0,0.707107,0.707107,0,-0.707107
-23088.8,2209.78,11880.8,-23159.5,2209.78,11951.5,-23159.5,1979.78,11951.5,-23088.8,1979.78,11880.8,-23159.5,2209.78,11951.5,-23088.8,2209.78,11880.8,-23088.8,1979.78,11880.8,-23159.5,1979.78,11951.5,-23124.1,2094.78,11916.2,-23124.1,2094.78,11916.2,0.707107,0,0.707107,-0.707107,0,-0.707107
-23272.6,2209.78,11697,-23343.3,2209.78,11767.7,-23343.3,1979.78,11767.7,-23272.6,1979.78,11697,-23343.3,2209.78,11767.7,-23272.6,2209.78,11697,-23272.6,1979.78,11697,-23343.3,1979.78,11767.7,-23308,2094.78,11732.3,-23308,2094.78,11732.3,0.707107,0,0.707107,-0.707107,0,-0.707107
-23363.3,2339.78,11773.5,-23504.7,2339.78,11632.1,-23504.7,1979.78,11632.1,-23363.3,1979.78,11773.5,-23504.7,2339.78,11632.1,-23363.3,2339.78,11773.5,-23363.3,1979.78,11773.5,-23504.7,1979.78,11632.1,-23434,2159.78,11702.8,-23434,2159.78,11702.8,-0.707107,0,0.707107,0.707107,0,-0.707107
-23972.7,2209.78,11491.9,-24043.4,2209.78,11562.6,-24043.4,1979.78,11562.6,-23972.7,1979.78,11491.9,-24043.4,1979.78,11562.6,-24043.4,2209.78,11562.6,-23972.7,2209.78,11491.9,-23972.7,1979.78,11491.9,-24008,2094.78,11527.3,-24008,2094.78,11527.3,0.707107,0,0.707107,-0.707107,0,-0.707107
-21915,2229.78,11301,-22056.4,2229.78,11442.4,-22056.4,1979.78,11442.4,-21915,1979.78,11301,-22056.4,2229.78,11442.4,-21915,2229.78,11301,-21915,1979.78,11301,-22056.4,1979.78,11442.4,-21985.7,2104.78,11371.7,-21985.7,2104.78,11371.7,0.707107,0,0.707107,-0.707107,0,-0.707107
-23315.1,1979.78,10721.2,-23315.1,2209.78,10721.2,-23385.8,2209.78,10650.5,-23385.8,1979.78,10650.5,-23385.8,2209.78,10650.5,-23315.1,2209.78,10721.2,-23315.1,1979.78,10721.2,-23385.8,1979.78,10650.5,-23350.4,2094.78,10685.8,-23350.4,2094.78,10685.8,-0.707107,0,0.707107,0.707107,0,-0.707107
-22671.6,2229.78,11095.9,-22530.2,2229.78,10954.5,-22530.2,1979.78,10954.5,-22671.6,1979.78,11095.9,-22530.2,2229.78,10954.5,-22671.6,2229.78,11095.9,-22671.6,1979.78,11095.9,-22530.2,1979.78,10954.5,-22600.9,2104.78,11025.2,-22600.9,2104.78,11025.2,-0.707107,0,-0.707107,0.707107,0,0.707107
-21915,929.779,11301,-22056.4,929.779,11442.4,-22056.4,679.779,11442.4,-21915,679.779,11301,-22056.4,929.779,11442.4,-21915,929.779,11301,-21915,679.779,11301,-22056.4,679.779,11442.4,-21985.7,804.779,11371.7,-21985.7,804.779,11371.7,0.707107,0,0.707107,-0.707107,0,-0.707107
-22855.4,909.779,12665.7,-22926.2,909.779,12736.4,-22926.2,679.779,12736.4,-22855.4,679.779,12665.7,-22926.2,909.779,12736.4,-22855.4,909.779,12665.7,-22855.4,679.779,12665.7,-22926.2,679.779,12736.4,-22890.8,794.779,12701.1,-22890.8,794.779,12701.1,0.707107,0,0.707107,-0.707107,0,-0.707107
-23272.6,909.779,11697,-23343.3,909.779,11767.7,-23343.3,679.779,11767.7,-23272.6,679.779,11697,-23343.3,909.779,11767.7,-23272.6,909.779,11697,-23272.6,679.779,11697,-23343.3,679.779,11767.7,-23308,794.779,11732.3,-23308,794.779,11732.3,0.707107,0,0.707107,-0.707107,0,-0.707107
-22862.5,929.779,10367.6,-23003.9,929.779,10509,-23003.9,679.779,10509,-22862.5,679.779,10367.6,-23003.9,929.779,10509,-22862.5,929.779,10367.6,-22862.5,679.779,10367.6,-23003.9,679.779,10509,-22933.2,804.779,10438.3,-22933.2,804.779,10438.3,0.707107,0,0.707107,-0.707107,0,-0.707107
-23725.2,1039.78,11159.6,-23866.6,1039.78,11301,-23866.6,759.779,11301,-23725.2,759.779,11159.6,-23866.6,759.779,11301,-23866.6,1039.78,11301,-23725.2,1039.78,11159.6,-23725.2,759.779,11159.6,-23795.9,939.779,11230.3,-23795.9,939.779,11230.3,0.707107,0,0.707107,-0.707107,0,-0.707107
-23350.4,1039.78,10431.3,-23209,1039.78,10572.7,-23209,759.779,10572.7,-23350.4,759.779,10431.3,-23209,759.779,10572.7,-23209,1039.78,10572.7,-23350.4,1039.78,10431.3,-23350.4,759.779,10431.3,-23279.7,939.779,10502,-23279.7,939.779,10502,0.707107,0,-0.707107,-0.707107,0,0.707107
-24043.4,759.779,11124.2,-24043.4,1039.78,11124.2,-23902,1039.78,11265.7,-23902,759.779,11265.7,-23902,1039.78,11265.7,-24043.4,1039.78,11124.2,-24043.4,759.779,11124.2,-23902,759.779,11265.7,-23972.7,939.779,11194.9,-23972.7,939.779,11194.9,0.707107,0,-0.707107,-0.707107,0,0.707107
